{
    "textrank4zh.TextRank4Keyword": [
        "textrank4zh.util",
        "textrank4zh.Segmentation",
        "textrank4zh.TextRank4Keyword.TextRank4Keyword"
    ],
    "textrank4zh.util": [
        "textrank4zh.util.AttrDict"
    ],
    "textrank4zh.Segmentation": [
        "textrank4zh.util",
        "textrank4zh.Segmentation.SentenceSegmentation",
        "textrank4zh.Segmentation.Segmentation",
        "textrank4zh.Segmentation.WordSegmentation"
    ],
    "textrank4zh": [
        "textrank4zh.util",
        "textrank4zh.TextRank4Keyword",
        "textrank4zh.TextRank4Sentence",
        "textrank4zh.Segmentation"
    ],
    "textrank4zh.TextRank4Sentence": [
        "textrank4zh.util",
        "textrank4zh.Segmentation",
        "textrank4zh.TextRank4Sentence.TextRank4Sentence"
    ],
    "textrank4zh.TextRank4Sentence.TextRank4Sentence": [],
    "textrank4zh.TextRank4Sentence.TextRank4Sentence.__init__": [
        "textrank4zh.Segmentation.Segmentation.__init__"
    ],
    "textrank4zh.Segmentation.Segmentation.__init__": [
        "textrank4zh.Segmentation.WordSegmentation.__init__",
        "textrank4zh.Segmentation.SentenceSegmentation.__init__"
    ],
    "textrank4zh.TextRank4Sentence.TextRank4Sentence.analyze": [
        "textrank4zh.util.sort_sentences",
        "textrank4zh.Segmentation.Segmentation.segment"
    ],
    "textrank4zh.Segmentation.Segmentation.segment": [
        "textrank4zh.util.as_text",
        "textrank4zh.Segmentation.SentenceSegmentation.segment",
        "textrank4zh.Segmentation.WordSegmentation.segment_sentences",
        "textrank4zh.util.AttrDict.__init__"
    ],
    "textrank4zh.util.sort_sentences": [
        "textrank4zh.util.get_similarity",
        "textrank4zh.util.AttrDict.__init__",
        "<builtin>.len",
        "<builtin>.sorted"
    ],
    "textrank4zh.TextRank4Sentence.TextRank4Sentence.get_key_sentences": [
        "<builtin>.len"
    ],
    "<builtin>.len": [],
    "textrank4zh.util.as_text": [
        "<builtin>.isinstance",
        "<builtin>.ValueError",
        "<builtin>.type"
    ],
    "<builtin>.isinstance": [],
    "<builtin>.type": [],
    "<builtin>.ValueError": [],
    "textrank4zh.util.is_text": [
        "<builtin>.isinstance"
    ],
    "textrank4zh.util.debug": [
        "<builtin>.str",
        "<builtin>.print"
    ],
    "<builtin>.str": [],
    "<builtin>.print": [],
    "textrank4zh.util.AttrDict": [],
    "textrank4zh.util.AttrDict.__init__": [
        "<builtin>.super"
    ],
    "<builtin>.super": [],
    "textrank4zh.util.combine": [
        "<builtin>.len",
        "<builtin>.zip"
    ],
    "<builtin>.zip": [],
    "textrank4zh.util.get_similarity": [
        "<builtin>.sum",
        "<builtin>.abs",
        "<builtin>.set",
        "<builtin>.len",
        "<builtin>.float",
        "<builtin>.list"
    ],
    "<builtin>.set": [],
    "<builtin>.list": [],
    "<builtin>.float": [],
    "<builtin>.sum": [],
    "<builtin>.abs": [],
    "textrank4zh.util.sort_words": [
        "textrank4zh.util.AttrDict.__init__",
        "textrank4zh.util.combine",
        "textrank4zh.util.debug",
        "<builtin>.sorted"
    ],
    "textrank4zh.util.sort_words.<lambda1>": [],
    "<builtin>.sorted": [],
    "textrank4zh.util.sort_sentences.<lambda1>": [],
    "textrank4zh.TextRank4Keyword.TextRank4Keyword": [],
    "textrank4zh.TextRank4Keyword.TextRank4Keyword.__init__": [
        "textrank4zh.Segmentation.Segmentation.__init__"
    ],
    "textrank4zh.TextRank4Keyword.TextRank4Keyword.analyze": [
        "textrank4zh.util.sort_words",
        "textrank4zh.Segmentation.Segmentation.segment",
        "textrank4zh.util.debug"
    ],
    "textrank4zh.TextRank4Keyword.TextRank4Keyword.get_keywords": [
        "<builtin>.len"
    ],
    "textrank4zh.TextRank4Keyword.TextRank4Keyword.get_keyphrases": [
        "<builtin>.set",
        "textrank4zh.TextRank4Keyword.TextRank4Keyword.get_keywords",
        "<builtin>.len"
    ],
    "textrank4zh.Segmentation.get_default_stop_words_file": [],
    "textrank4zh.Segmentation.WordSegmentation": [],
    "textrank4zh.Segmentation.WordSegmentation.__init__": [
        "textrank4zh.Segmentation.get_default_stop_words_file",
        "textrank4zh.util.as_text",
        "<builtin>.set",
        "<builtin>.type"
    ],
    "textrank4zh.Segmentation.WordSegmentation.segment": [
        "<builtin>.len",
        "textrank4zh.util.as_text"
    ],
    "textrank4zh.Segmentation.WordSegmentation.segment_sentences": [
        "textrank4zh.Segmentation.WordSegmentation.segment"
    ],
    "textrank4zh.Segmentation.SentenceSegmentation": [],
    "textrank4zh.Segmentation.SentenceSegmentation.__init__": [
        "<builtin>.set",
        "textrank4zh.util.as_text"
    ],
    "textrank4zh.Segmentation.SentenceSegmentation.segment": [
        "<builtin>.len",
        "textrank4zh.util.as_text",
        "textrank4zh.util.debug"
    ],
    "textrank4zh.Segmentation.Segmentation": []
}