{
    "bpytop": [
        "bpytop.Colors",
        "bpytop.Menu",
        "bpytop.Color",
        "bpytop.Config",
        "bpytop.Fx",
        "bpytop.MemBox",
        "bpytop.Nonblocking",
        "bpytop.get_cpu_core_mapping",
        "bpytop.Draw",
        "bpytop.NetCollector",
        "bpytop.Mv",
        "<builtin>.getattr",
        "bpytop.Raw",
        "bpytop.Graphs",
        "bpytop.NetBox",
        "bpytop.Banner",
        "<builtin>.str",
        "bpytop.Timer",
        "bpytop.SubBox",
        "bpytop.UpdateChecker",
        "bpytop.Theme",
        "bpytop.main",
        "<builtin>.print",
        "bpytop.Symbol",
        "bpytop.TimeIt",
        "bpytop.Graph",
        "bpytop.ProcCollector",
        "bpytop.get_cpu_name",
        "bpytop.Config.__init__",
        "bpytop.Init",
        "bpytop.MemCollector",
        "bpytop.CpuCollector",
        "<builtin>.SystemExit",
        "bpytop.CpuBox",
        "bpytop.Key",
        "bpytop.Box",
        "bpytop.Term",
        "bpytop.ProcBox",
        "bpytop.Meter",
        "bpytop.Meters",
        "bpytop.Collector"
    ],
    "bpytop.main": [
        "bpytop.Key.start",
        "bpytop.Box.calc_sizes",
        "bpytop.Fx.trans",
        "bpytop.Term.echo",
        "<builtin>.isinstance",
        "bpytop.Init.done",
        "bpytop.main.run",
        "bpytop.TimeIt.stop",
        "bpytop.Init.fail",
        "bpytop.Draw.now",
        "bpytop.Collector.start",
        "bpytop.UpdateChecker.run",
        "bpytop.Init.start",
        "bpytop.TimeIt.start",
        "bpytop.Draw.buffer",
        "bpytop.Box.draw_bg",
        "bpytop.Draw.out",
        "bpytop.CpuCollector.get_sensors",
        "bpytop.Collector.collect",
        "bpytop.Term.refresh",
        "bpytop.Theme.__init__",
        "bpytop.Init.success",
        "bpytop.clean_quit",
        "bpytop.Term.title"
    ],
    "bpytop.Menu.help": [
        "<builtin>.len",
        "bpytop.Mv.down",
        "<builtin>.range",
        "bpytop.Mv.left",
        "bpytop.Draw.saved_buffer",
        "bpytop.Key.get",
        "bpytop.Draw.now",
        "bpytop.Mv.to",
        "bpytop.Key.input_wait",
        "bpytop.create_box",
        "<builtin>.enumerate",
        "bpytop.Timer.not_zero",
        "bpytop.Collector.collect",
        "bpytop.Timer.left",
        "bpytop.Mv.right",
        "bpytop.Key.get_mouse",
        "bpytop.Banner.draw",
        "bpytop.clean_quit",
        "bpytop.Fx.uncolor",
        "bpytop.Timer.stamp"
    ],
    "bpytop.Menu.main": [
        "<builtin>.len",
        "bpytop.Mv.down",
        "bpytop.Mv.left",
        "bpytop.Draw.saved_buffer",
        "bpytop.Key.mouse_moved",
        "bpytop.Key.get",
        "bpytop.Draw.now",
        "bpytop.Mv.to",
        "bpytop.Menu.options",
        "bpytop.Key.input_wait",
        "bpytop.Menu.help",
        "bpytop.Timer.not_zero",
        "bpytop.Collector.collect",
        "bpytop.Timer.left",
        "bpytop.Mv.right",
        "bpytop.Key.get_mouse",
        "bpytop.Banner.draw",
        "<builtin>.list",
        "bpytop.clean_quit",
        "bpytop.Fx.uncolor",
        "bpytop.Timer.stamp"
    ],
    "bpytop.CpuBox": [],
    "bpytop.NetCollector": [],
    "bpytop.MemBox": [],
    "bpytop.CpuCollector": [
        "<builtin>.range"
    ],
    "bpytop.NetBox": [],
    "bpytop.Init": [],
    "bpytop.Symbol": [
        "bpytop.Color.fg"
    ],
    "bpytop.UpdateChecker": [],
    "bpytop.Term": [],
    "bpytop.Collector": [],
    "bpytop.Mv": [],
    "bpytop.Menu": [
        "bpytop.Color.fg",
        "<builtin>.len",
        "bpytop.Fx.trans",
        "bpytop.Mv.down",
        "<builtin>.range",
        "bpytop.Mv.left"
    ],
    "bpytop.Banner": [
        "<builtin>.len",
        "bpytop.Mv.right",
        "bpytop.Color.fg",
        "<builtin>.enumerate"
    ],
    "bpytop.ProcBox": [],
    "bpytop.Fx": [],
    "bpytop.Draw": [],
    "bpytop.Key": [],
    "bpytop.Colors": [
        "bpytop.Color.__init__"
    ],
    "bpytop.Color": [],
    "bpytop.MemCollector": [],
    "bpytop.Config": [
        "<builtin>.enumerate",
        "<builtin>.hasattr",
        "<builtin>.getattr"
    ],
    "bpytop.ProcCollector": [
        "<builtin>.compile"
    ],
    "bpytop.Theme": [],
    "bpytop.Timer": [],
    "bpytop.Box": [
        "<builtin>.sorted"
    ],
    "bpytop.TimeIt": [],
    "bpytop.Nonblocking": [],
    "bpytop.get_cpu_core_mapping": [
        "<builtin>.open",
        "<builtin>.int",
        "<builtin>.range"
    ],
    "<builtin>.getattr": [],
    "bpytop.Raw": [],
    "bpytop.Graphs": [],
    "<builtin>.str": [],
    "bpytop.SubBox": [],
    "<builtin>.print": [],
    "bpytop.Graph": [],
    "bpytop.get_cpu_name": [],
    "bpytop.Config.__init__": [
        "<builtin>.setattr",
        "bpytop.Config.load_config",
        "<builtin>.getattr"
    ],
    "<builtin>.SystemExit": [],
    "bpytop.Meter": [],
    "bpytop.Meters": [],
    "bpytop.Key.start": [],
    "bpytop.Box.calc_sizes": [],
    "bpytop.Fx.trans": [],
    "bpytop.Term.echo": [],
    "<builtin>.isinstance": [],
    "bpytop.Init.done": [
        "bpytop.Init.draw_bg",
        "bpytop.Draw.now",
        "bpytop.Draw.clear"
    ],
    "bpytop.main.run": [
        "bpytop.process_keys",
        "bpytop.Timer.not_zero",
        "bpytop.Term.refresh",
        "bpytop.Collector.collect",
        "bpytop.Key.input_wait",
        "bpytop.Timer.left",
        "bpytop.Timer.stamp"
    ],
    "bpytop.TimeIt.stop": [],
    "bpytop.Init.fail": [
        "bpytop.clean_quit",
        "bpytop.Draw.buffer"
    ],
    "bpytop.Draw.now": [
        "<builtin>.print"
    ],
    "bpytop.Collector.start": [],
    "bpytop.UpdateChecker.run": [],
    "bpytop.Init.start": [
        "bpytop.Color.fg",
        "bpytop.Banner.draw",
        "<builtin>.str",
        "bpytop.Fx.trans",
        "bpytop.Draw.buffer",
        "bpytop.Mv.down",
        "bpytop.Draw.out",
        "<builtin>.round",
        "bpytop.Mv.to",
        "<builtin>.range",
        "bpytop.Graph.__init__",
        "bpytop.Mv.left"
    ],
    "bpytop.TimeIt.start": [],
    "bpytop.Draw.buffer": [
        "bpytop.Draw.out"
    ],
    "bpytop.Box.draw_bg": [
        "bpytop.Box.draw_clock",
        "bpytop.Draw.buffer",
        "bpytop.Box.empty_bg",
        "bpytop.Box.draw_update_ms"
    ],
    "bpytop.Draw.out": [
        "bpytop.Draw.clear",
        "bpytop.Draw.now",
        "<builtin>.sorted"
    ],
    "bpytop.CpuCollector.get_sensors": [
        "<builtin>.bool",
        "<builtin>.hasattr"
    ],
    "bpytop.Collector.collect": [
        "<builtin>.list"
    ],
    "bpytop.Term.refresh": [
        "<builtin>.min",
        "bpytop.Key.last",
        "bpytop.Box.calc_sizes",
        "<builtin>.str",
        "bpytop.create_box",
        "bpytop.Draw.now",
        "bpytop.Mv.down",
        "bpytop.Key.has_key",
        "bpytop.Box.draw_bg",
        "bpytop.clean_quit",
        "bpytop.Timer.finish",
        "bpytop.Mv.left",
        "<builtin>.getattr",
        "bpytop.Mv.right"
    ],
    "bpytop.Theme.__init__": [
        "bpytop.Theme.refresh",
        "bpytop.Theme._load_theme"
    ],
    "bpytop.Init.success": [
        "bpytop.Init.draw_bg",
        "bpytop.Draw.buffer",
        "bpytop.Mv.right"
    ],
    "bpytop.clean_quit": [
        "bpytop.Collector.stop",
        "<builtin>.SystemExit",
        "bpytop.Draw.now",
        "<builtin>.print",
        "<builtin>.round",
        "bpytop.Term.echo",
        "bpytop.Term.title",
        "bpytop.Key.stop"
    ],
    "bpytop.Term.title": [],
    "<builtin>.len": [],
    "bpytop.Mv.down": [],
    "<builtin>.range": [],
    "bpytop.Mv.left": [],
    "bpytop.Draw.saved_buffer": [
        "<builtin>.sorted"
    ],
    "bpytop.Key.get": [],
    "bpytop.Mv.to": [],
    "bpytop.Key.input_wait": [
        "bpytop.Draw.now"
    ],
    "bpytop.create_box": [
        "bpytop.Mv.to",
        "<builtin>.range",
        "bpytop.Mv.right"
    ],
    "<builtin>.enumerate": [],
    "bpytop.Timer.not_zero": [],
    "bpytop.Timer.left": [
        "bpytop.Timer.stamp"
    ],
    "bpytop.Mv.right": [],
    "bpytop.Key.get_mouse": [],
    "bpytop.Banner.draw": [
        "bpytop.Draw.out",
        "bpytop.Mv.to",
        "<builtin>.enumerate"
    ],
    "bpytop.Fx.uncolor": [],
    "bpytop.Timer.stamp": [],
    "bpytop.Key.mouse_moved": [],
    "bpytop.Menu.options": [
        "bpytop.Box.draw_update_ms",
        "<builtin>.len",
        "bpytop.Mv.down",
        "<builtin>.type",
        "<builtin>.isinstance",
        "<builtin>.range",
        "bpytop.Mv.left",
        "<builtin>.getattr",
        "bpytop.Draw.saved_buffer",
        "<builtin>.int",
        "<builtin>.min",
        "bpytop.Key.get",
        "<builtin>.str",
        "bpytop.Draw.now",
        "bpytop.Mv.to",
        "bpytop.Key.input_wait",
        "<builtin>.max",
        "bpytop.create_box",
        "bpytop.Draw.clear",
        "<builtin>.round",
        "<builtin>.enumerate",
        "bpytop.CpuCollector.get_sensors",
        "bpytop.Timer.not_zero",
        "bpytop.Term.refresh",
        "bpytop.Timer.finish",
        "bpytop.Collector.collect",
        "<builtin>.map",
        "bpytop.Timer.left",
        "bpytop.Mv.right",
        "bpytop.Theme.refresh",
        "bpytop.Key.get_mouse",
        "<builtin>.list",
        "bpytop.Banner.draw",
        "bpytop.ProcCollector.sorting",
        "bpytop.clean_quit",
        "bpytop.Fx.uncolor",
        "<builtin>.setattr",
        "bpytop.Timer.stamp"
    ],
    "<builtin>.list": [],
    "bpytop.Color.fg": [
        "<builtin>.len",
        "bpytop.Color.escape_color"
    ],
    "bpytop.Color.__init__": [
        "<builtin>.str",
        "<builtin>.len",
        "<builtin>.tuple",
        "<builtin>.hex",
        "<builtin>.map",
        "<builtin>.ValueError",
        "bpytop.Color.truecolor_to_256",
        "<builtin>.all",
        "<builtin>.int"
    ],
    "<builtin>.hasattr": [],
    "<builtin>.compile": [],
    "<builtin>.sorted": [],
    "<builtin>.open": [],
    "<builtin>.int": [],
    "<builtin>.setattr": [],
    "bpytop.Config.load_config": [
        "<builtin>.bool",
        "<builtin>.str",
        "<builtin>.type",
        "bpytop.strtobool",
        "<builtin>.open",
        "<builtin>.getattr",
        "<builtin>.int"
    ],
    "bpytop.Init.draw_bg": [
        "bpytop.Draw.buffer",
        "bpytop.Draw.out",
        "bpytop.Mv.to",
        "bpytop.Graph.__init__",
        "<builtin>.range"
    ],
    "bpytop.Draw.clear": [],
    "bpytop.process_keys": [
        "bpytop.Menu.help",
        "bpytop.Key.get",
        "bpytop.Key.get_mouse",
        "bpytop.ProcBox.selector",
        "bpytop.Box.draw_update_ms",
        "<builtin>.list",
        "bpytop.Key.has_key",
        "<builtin>.len",
        "bpytop.Draw.clear",
        "bpytop.ProcCollector.sorting",
        "bpytop.Menu.main",
        "bpytop.clean_quit",
        "bpytop.Collector.collect",
        "bpytop.Menu.options",
        "bpytop.Term.refresh",
        "bpytop.NetCollector.switch"
    ],
    "<builtin>.round": [],
    "bpytop.Graph.__init__": [
        "<builtin>.min",
        "<builtin>.len",
        "<builtin>.isinstance",
        "bpytop.Graph._create",
        "<builtin>.range",
        "bpytop.min_max",
        "<builtin>.int"
    ],
    "bpytop.Box.draw_clock": [
        "<builtin>.len",
        "bpytop.Draw.buffer",
        "bpytop.Draw.out",
        "<builtin>.hasattr",
        "bpytop.Mv.to"
    ],
    "bpytop.Box.empty_bg": [
        "bpytop.Mv.down",
        "bpytop.Mv.left",
        "bpytop.Mv.right",
        "bpytop.Banner.draw"
    ],
    "bpytop.Box.draw_update_ms": [
        "bpytop.Draw.clear",
        "<builtin>.len",
        "bpytop.Draw.buffer",
        "bpytop.Draw.out",
        "<builtin>.hasattr",
        "bpytop.Mv.to",
        "<builtin>.range"
    ],
    "<builtin>.bool": [],
    "<builtin>.min": [],
    "bpytop.Key.last": [],
    "bpytop.Key.has_key": [
        "<builtin>.bool"
    ],
    "bpytop.Timer.finish": [
        "bpytop.Key.break_wait"
    ],
    "bpytop.Theme.refresh": [
        "<builtin>.str"
    ],
    "bpytop.Theme._load_theme": [
        "bpytop.Color.fg",
        "<builtin>.list",
        "bpytop.Draw.now",
        "bpytop.Color.__init__",
        "<builtin>.range",
        "<builtin>.setattr",
        "<builtin>.getattr",
        "bpytop.Theme._load_file"
    ],
    "bpytop.Collector.stop": [],
    "bpytop.Key.stop": [],
    "<builtin>.type": [],
    "<builtin>.max": [],
    "<builtin>.map": [],
    "bpytop.ProcCollector.sorting": [
        "<builtin>.len",
        "bpytop.Collector.collect"
    ],
    "bpytop.Color.escape_color": [
        "<builtin>.len",
        "bpytop.Color.truecolor_to_256",
        "<builtin>.int"
    ],
    "<builtin>.tuple": [],
    "<builtin>.hex": [],
    "<builtin>.ValueError": [],
    "bpytop.Color.truecolor_to_256": [
        "<builtin>.round"
    ],
    "<builtin>.all": [],
    "bpytop.strtobool": [
        "<builtin>.ValueError",
        "<builtin>.type"
    ],
    "bpytop.ProcBox.selector": [
        "bpytop.Collector.collect",
        "<builtin>.round"
    ],
    "bpytop.NetCollector.switch": [
        "<builtin>.len",
        "bpytop.Collector.collect"
    ],
    "bpytop.Graph._create": [
        "<builtin>.bool",
        "<builtin>.len",
        "bpytop.Mv.down",
        "<builtin>.float",
        "<builtin>.round",
        "<builtin>.range",
        "bpytop.Mv.left"
    ],
    "bpytop.min_max": [
        "<builtin>.max",
        "<builtin>.min"
    ],
    "bpytop.Key.break_wait": [],
    "bpytop.Theme._load_file": [
        "<builtin>.str",
        "<builtin>.open"
    ],
    "<builtin>.float": []
}