{"......micro-benchmark.snippets.dicts.nested.main": {"names": [], "lit": []}, "......micro-benchmark.snippets.dicts.nested.main.func1": {"names": [], "lit": []}, "......micro-benchmark.snippets.dicts.nested.main.func2": {"names": [], "lit": []}, "......micro-benchmark.snippets.dicts.nested.main.func1.<RETURN>": {"names": [], "lit": []}, "......micro-benchmark.snippets.dicts.nested.main.func2.<RETURN>": {"names": [], "lit": []}, "......micro-benchmark.snippets.dicts.nested.main.d": {"names": ["......micro-benchmark.snippets.dicts.nested.main.<dict1>"], "lit": ["UNKNOWN"]}, "......micro-benchmark.snippets.dicts.nested.main.<dict1>": {"names": [], "lit": []}, "......micro-benchmark.snippets.dicts.nested.main.<dict1>.<dict1>": {"names": [], "lit": []}, "......micro-benchmark.snippets.dicts.nested.main.<dict1>.<dict1>.b": {"names": ["......micro-benchmark.snippets.dicts.nested.main.func1"], "lit": []}, "......micro-benchmark.snippets.dicts.nested.main.<dict1>.a": {"names": ["......micro-benchmark.snippets.dicts.nested.main.<dict1>.<dict1>"], "lit": []}}