{"......micro-benchmark.snippets.dicts.nested.main": {"names": [], "lit": []}, "......micro-benchmark.snippets.dicts.nested.main.func1": {"names": [], "lit": []}, "......micro-benchmark.snippets.dicts.nested.main.func2": {"names": [], "lit": []}, "......micro-benchmark.snippets.dicts.nested.main.func1.<RETURN>": {"names": [], "lit": []}, "......micro-benchmark.snippets.dicts.nested.main.func2.<RETURN>": {"names": [], "lit": []}, "......micro-benchmark.snippets.dicts.nested.main.d": {"names": [], "lit": ["UNKNOWN"]}}