{
    "rich_cli.__main__.main": [
        "<builtin>.tuple",
        "<builtin>.getattr",
        "rich_cli.__main__.on_error",
        "rich_cli.__main__.ForceWidth.__init__",
        "rich_cli.markdown",
        "<builtin>.bool",
        "rich_cli.__main__.read_resource",
        "rich_cli.__main__.render_ipynb",
        "<builtin>.int",
        "rich_cli.pager",
        "rich_cli.__main__.render_csv",
        "<builtin>.len",
        "rich_cli.__main__._line_range",
        "rich_cli.__main__.main.print_usage",
        "rich_cli.pager.PagerRenderable.__init__",
        "<builtin>.eval"
    ],
    "rich_cli.markdown": [
        "rich_cli.markdown.CodeBlock"
    ],
    "rich_cli.pager": [
        "rich_cli.pager.PagerRenderable",
        "rich_cli.pager.PagerApp"
    ],
    "rich_cli.__main__.render_ipynb": [
        "<builtin>.len",
        "rich_cli.__main__.read_resource",
        "rich_cli.__main__._line_range",
        "<builtin>.isinstance",
        "rich_cli.markdown"
    ],
    "rich_cli": [],
    "rich_cli.__main__": [
        "<builtin>.sorted",
        "rich_cli.__main__.RichCommand",
        "rich_cli.__main__.run",
        "rich_cli.__main__.ForceWidth"
    ],
    "<builtin>.sorted": [],
    "rich_cli.__main__.on_error": [
        "<builtin>.str"
    ],
    "<builtin>.str": [],
    "rich_cli.__main__.read_resource": [
        "rich_cli.__main__.on_error",
        "<builtin>.open"
    ],
    "<builtin>.open": [],
    "rich_cli.__main__.ForceWidth": [],
    "rich_cli.__main__.ForceWidth.__init__": [],
    "rich_cli.__main__.ForceWidth.__rich_console__": [],
    "rich_cli.__main__.ForceWidth.__rich_measure__": [],
    "rich_cli.__main__.blend_text": [
        "<builtin>.range",
        "<builtin>.int",
        "<builtin>.len"
    ],
    "<builtin>.len": [],
    "<builtin>.range": [],
    "<builtin>.int": [],
    "rich_cli.__main__.RichCommand": [],
    "rich_cli.__main__.RichCommand.format_help": [
        "<builtin>.reversed",
        "rich_cli.__main__.RichCommand.format_help.OptionHighlighter",
        "<builtin>.len",
        "rich_cli.__main__.blend_text"
    ],
    "rich_cli.__main__.RichCommand.format_help.OptionHighlighter": [],
    "<builtin>.reversed": [],
    "<builtin>.bool": [],
    "rich_cli.__main__.main.print_usage": [],
    "<builtin>.eval": [],
    "rich_cli.__main__.render_csv": [
        "rich_cli.__main__.read_resource",
        "<builtin>.str",
        "<builtin>.next",
        "rich_cli.__main__.on_error",
        "<builtin>.enumerate",
        "<builtin>.iter"
    ],
    "rich_cli.__main__._line_range": [
        "rich_cli.__main__.on_error"
    ],
    "<builtin>.tuple": [],
    "<builtin>.getattr": [],
    "rich_cli.pager.PagerRenderable.__init__": [
        "<builtin>.list"
    ],
    "<builtin>.iter": [],
    "<builtin>.next": [],
    "<builtin>.enumerate": [],
    "<builtin>.isinstance": [],
    "rich_cli.__main__.run": [
        "rich_cli.__main__.main"
    ],
    "rich_cli.pager.PagerRenderable": [],
    "<builtin>.list": [],
    "rich_cli.pager.PagerRenderable.__rich_console__": [],
    "rich_cli.pager.PagerRenderable.__rich_measure__": [],
    "rich_cli.pager.PagerApp": [],
    "rich_cli.pager.PagerApp.__init__": [
        "<builtin>.super"
    ],
    "<builtin>.super": [],
    "rich_cli.pager.PagerApp.on_load": [],
    "rich_cli.pager.PagerApp.on_key": [],
    "rich_cli.pager.PagerApp.on_mount": [],
    "rich_cli.markdown.CodeBlock": [],
    "rich_cli.markdown.CodeBlock.create": [
        "rich_cli.markdown.CodeBlock.__init__"
    ],
    "rich_cli.markdown.CodeBlock.__init__": [],
    "rich_cli.markdown.CodeBlock.__rich_console__": [
        "<builtin>.str"
    ],
    "rich_cli.win_vt": [],
    "rich_cli.win_vt._get_console_mode": [],
    "rich_cli.win_vt._set_console_mode": [],
    "rich_cli.win_vt.enable_windows_virtual_terminal_processing": [
        "rich_cli.win_vt._set_console_mode",
        "rich_cli.win_vt._get_console_mode"
    ]
}