{"sqlparse.utils": ["re", "re.compile", "contextlib", "collections", "contextlib.contextmanager"], "re": ["functools._lru_cache_wrapper.wrapper", "sre_compile.compile", "sre_parse", "<builtin>.chr", "functools.lru_cache.decorating_function", "<builtin>.globals", "functools", "functools.lru_cache", "copyreg.pickle", "copyreg", "enum", "sre_compile", "re.RegexFlag", "re.Scanner", "<builtin>.type"], "enum": ["<builtin>.object", "enum.IntEnum", "enum.Enum", "types", "enum.auto", "enum._EnumDict", "enum.IntFlag", "enum.Flag", "enum.EnumMeta"], "types": ["<builtin>.object", "types._ag", "types._C", "types._GeneratorWrapper", "types._c", "<builtin>.globals", "types._g", "types.DynamicClassAttribute", "types._cell_factory", "<builtin>.type"], "<builtin>.type": [], "types._cell_factory": [], "types._g": [], "types._c": [], "types._ag": [], "types._C": [], "<builtin>.object": [], "types.DynamicClassAttribute": [], "types._GeneratorWrapper": ["<builtin>.property"], "<builtin>.property": [], "<builtin>.globals": [], "enum.auto": [], "enum._EnumDict": [], "enum.EnumMeta": ["<builtin>.staticmethod", "<builtin>.property", "<builtin>.classmethod"], "<builtin>.classmethod": [], "<builtin>.staticmethod": [], "enum.Enum": ["<builtin>.classmethod", "types.DynamicClassAttribute.__init__"], "types.DynamicClassAttribute.__init__": ["<builtin>.getattr", "<builtin>.bool"], "<builtin>.getattr": [], "<builtin>.bool": [], "enum.IntEnum": [], "enum.Flag": ["<builtin>.classmethod"], "enum.IntFlag": ["<builtin>.classmethod"], "sre_compile": ["sre_parse", "sre_constants", "<builtin>.tuple"], "sre_parse": ["<builtin>.frozenset", "sre_constants", "sre_parse.SubPattern", "sre_parse.Tokenizer", "sre_parse.Verbose", "sre_parse.State"], "sre_constants": ["sre_constants._makecodes", "sre_constants._NamedIntConstant", "sre_constants.error"], "sre_constants.error": [], "sre_constants._NamedIntConstant": [], "sre_constants._makecodes": ["<builtin>.globals", "<builtin>.enumerate", "<str>.strip", "<str>.split"], "<str>.strip": [], "<str>.split": [], "<builtin>.enumerate": [], "<builtin>.frozenset": [], "sre_parse.Verbose": [], "sre_parse.State": ["<builtin>.property"], "sre_parse.SubPattern": [], "sre_parse.Tokenizer": ["<builtin>.property"], "<builtin>.tuple": [], "functools": ["<builtin>.object", "collections", "functools.cached_property", "collections.namedtuple", "functools.singledispatchmethod", "reprlib", "abc", "functools._HashedSeq", "functools.partialmethod", "functools.partial"], "abc": ["abc.abstractproperty", "abc.abstractclassmethod", "_py_abc", "abc.ABC", "abc.abstractstaticmethod"], "abc.abstractclassmethod": [], "abc.abstractstaticmethod": [], "abc.abstractproperty": [], "_py_abc": ["_weakrefset", "_py_abc.ABCMeta"], "_weakrefset": ["_weakrefset.WeakSet", "_weakrefset._IterationGuard"], "_weakrefset._IterationGuard": [], "_weakrefset.WeakSet": [], "_py_abc.ABCMeta": [], "abc.ABC": [], "collections": ["collections.UserDict", "collections._Link", "collections._OrderedDictKeysView", "heapq", "collections._OrderedDictItemsView", "collections.ChainMap", "keyword", "collections.OrderedDict", "reprlib", "collections.UserString", "collections.UserList", "collections._OrderedDictValuesView", "collections.Counter", "operator"], "operator": ["operator.attrgetter", "operator.methodcaller", "operator.itemgetter"], "operator.attrgetter": [], "operator.itemgetter": [], "operator.methodcaller": [], "keyword": ["<builtin>.frozenset"], "heapq": ["_heapq"], "_heapq": [], "reprlib": ["reprlib.Repr.__init__", "reprlib.Repr"], "reprlib.Repr": [], "reprlib.Repr.__init__": [], "collections._OrderedDictKeysView": [], "collections._OrderedDictItemsView": [], "collections._OrderedDictValuesView": [], "collections._Link": [], "collections.OrderedDict": ["<builtin>.classmethod", "reprlib.recursive_repr.decorating_function", "<builtin>.object", "reprlib.recursive_repr"], "reprlib.recursive_repr": [], "reprlib.recursive_repr.decorating_function": ["<builtin>.getattr", "<builtin>.set"], "<builtin>.set": [], "collections.Counter": ["<builtin>.classmethod"], "collections.ChainMap": ["<builtin>.classmethod", "<builtin>.property", "reprlib.recursive_repr.decorating_function", "reprlib.recursive_repr"], "collections.UserDict": ["<builtin>.classmethod"], "collections.UserList": [], "collections.UserString": [], "functools.partial": ["reprlib.recursive_repr.decorating_function", "reprlib.recursive_repr"], "functools.partialmethod": ["<builtin>.property"], "collections.namedtuple": ["<builtin>.str", "collections.<lambda1>", "<str>.split", "<builtin>.ValueError", "<builtin>.TypeError", "<str>.join", "<builtin>.enumerate", "<builtin>.dict", "<str>.replace", "<builtin>.type", "_collections._tuplegetter", "<builtin>.len", "<builtin>.isinstance", "<builtin>.tuple", "<builtin>.list", "<builtin>.classmethod", "<builtin>.map", "<builtin>.repr", "<builtin>.zip", "<builtin>.exec", "<builtin>.set", "<builtin>.reversed"], "<builtin>.isinstance": [], "<builtin>.map": [], "<builtin>.list": [], "<builtin>.str": [], "<builtin>.TypeError": [], "<builtin>.ValueError": [], "<builtin>.len": [], "<builtin>.reversed": [], "<builtin>.zip": [], "<builtin>.dict": [], "<builtin>.repr": [], "<str>.join": [], "<builtin>.exec": [], "collections.<lambda1>": ["<builtin>.property", "operator.itemgetter.__init__"], "operator.itemgetter.__init__": [], "_collections._tuplegetter": [], "functools._HashedSeq": [], "functools.singledispatchmethod": ["<builtin>.property"], "functools.cached_property": [], "re.RegexFlag": [], "<builtin>.chr": [], "sre_compile.compile": ["<map>.items", "<builtin>.print", "sre_parse.parse", "sre_compile._code", "sre_compile.isstring", "<builtin>.tuple", "sre_compile.dis"], "sre_compile.isstring": ["<builtin>.isinstance"], "sre_parse.parse": ["sre_parse.fix_flags", "sre_parse._parse_sub", "sre_parse.Tokenizer.error", "sre_parse.Tokenizer.seek", "sre_parse.State.__init__", "sre_parse.SubPattern.dump", "sre_parse.Tokenizer.__init__"], "sre_parse.Tokenizer.__init__": ["<builtin>.isinstance", "<builtin>.str", "sre_parse.Tokenizer.__next"], "sre_parse.Tokenizer.__next": ["sre_parse.Tokenizer.error", "<builtin>.len"], "sre_parse.Tokenizer.error": ["sre_parse.Tokenizer.error", "sre_parse.Tokenizer.tell"], "sre_parse.Tokenizer.tell": ["<builtin>.len"], "sre_parse.State.__init__": [], "sre_parse._parse_sub": ["sre_parse.Tokenizer.match", "<builtin>.len", "sre_parse._parse", "sre_parse.Tokenizer.tell", "sre_parse.SubPattern.__init__", "sre_parse.SubPattern.append"], "sre_parse._parse": ["sre_parse.State.checkgroup", "sre_parse.Tokenizer.error", "sre_parse._parse", "sre_parse._class_escape", "sre_parse.Tokenizer.tell", "sre_parse.SubPattern.append", "sre_parse._escape", "warnings", "sre_parse.Tokenizer.match", "sre_parse.State.opengroup", "warnings.warn", "<builtin>.OverflowError", "<str>.isidentifier", "<builtin>.len", "sre_parse.State.checklookbehindgroup", "<builtin>.int", "<map>.get", "sre_parse.Tokenizer.seek", "sre_parse.SubPattern.__init__", "<builtin>.AssertionError", "sre_parse.State.closegroup", "sre_parse._parse_sub", "<builtin>.range", "sre_parse.Tokenizer.getuntil", "sre_parse._uniq", "sre_parse.Tokenizer.get", "sre_parse._parse_flags"], "sre_parse.SubPattern.__init__": [], "sre_parse.Tokenizer.get": ["sre_parse.Tokenizer.__next"], "<builtin>.AssertionError": [], "sre_parse.SubPattern.append": [], "sre_parse.Tokenizer.match": ["sre_parse.Tokenizer.__next"], "sre_parse._parse_flags": ["<builtin>.len", "sre_parse.Tokenizer.error", "sre_parse.Tokenizer.get"], "warnings": ["warnings.catch_warnings", "warnings.WarningMessage", "warnings._OptionError", "warnings.filterwarnings", "warnings._processoptions", "<builtin>.hasattr", "warnings.simplefilter"], "warnings._OptionError": [], "warnings.WarningMessage": [], "warnings.catch_warnings": [], "warnings._processoptions": ["warnings._setoption", "<builtin>.print"], "warnings._setoption": ["<builtin>.len", "re", "warnings.filterwarnings", "<builtin>.int", "warnings._getcategory", "warnings._getaction", "re.escape"], "warnings._getaction": [], "warnings._getcategory": ["<builtin>.getattr", "<builtin>.__import__", "<builtin>.issubclass"], "<builtin>.__import__": [], "<builtin>.issubclass": [], "re.escape": ["<builtin>.isinstance", "<builtin>.str"], "<builtin>.int": [], "warnings.filterwarnings": ["re", "<builtin>.isinstance", "re.compile", "warnings._add_filter", "<builtin>.issubclass"], "re.compile": ["re._compile"], "re._compile": ["<builtin>.len", "sre_compile.compile", "<builtin>.isinstance", "<builtin>.ValueError", "<builtin>.iter", "sre_compile.isstring", "<builtin>.next", "<builtin>.TypeError", "<builtin>.type"], "warnings._add_filter": ["warnings._filters_mutated"], "warnings._filters_mutated": [], "<builtin>.print": [], "<builtin>.hasattr": [], "warnings.simplefilter": ["<builtin>.isinstance", "warnings._add_filter"], "warnings.warn": ["<str>.format", "<builtin>.isinstance", "<builtin>.range", "warnings.warn_explicit", "warnings._next_external_frame", "<builtin>.TypeError", "warnings._is_internal_frame", "<builtin>.type", "<builtin>.issubclass"], "<str>.format": [], "warnings._is_internal_frame": [], "<builtin>.range": [], "warnings._next_external_frame": ["warnings._is_internal_frame"], "warnings.warn_explicit": ["<builtin>.str", "linecache.getlines", "<builtin>.isinstance", "<builtin>.RuntimeError", "<map>.clear", "<builtin>.int", "<map>.get", "linecache", "warnings.WarningMessage.__init__", "warnings._showwarnmsg", "<builtin>.issubclass"], "<map>.get": [], "<map>.clear": [], "linecache": ["os", "tokenize", "functools"], "os": ["os._fscodec", "<builtin>.ImportError", "os._exists", "os._createenviron", "os.PathLike", "<builtin>.globals", "<builtin>.set", "os._add", "os._Environ", "os._Environ.__init__", "os._get_exports_list", "posixpath", "abc", "os._AddedDllDirectory", "ntpath", "os._wrap_close", "stat"], "stat": [], "<builtin>.ImportError": [], "ntpath": ["os", "<builtin>.hasattr", "genericpath", "stat"], "genericpath": ["os", "stat"], "os._get_exports_list": ["<builtin>.list", "<builtin>.dir"], "<builtin>.dir": [], "posixpath": ["os", "genericpath", "stat"], "os._exists": ["<builtin>.globals"], "os._add": [], "os._Environ": [], "os._createenviron": ["os._createenviron.encodekey", "os._Environ.__init__"], "os._createenviron.encodekey": ["os._createenviron.encode"], "os._createenviron.encode": ["<builtin>.isinstance", "<builtin>.TypeError", "<builtin>.type"], "os._Environ.__init__": [], "os._fscodec": [], "os._wrap_close": [], "os.PathLike": ["abc.abstractmethod", "<builtin>.classmethod"], "abc.abstractmethod": [], "os._AddedDllDirectory": [], "tokenize": ["tokenize.group", "io", "token", "<builtin>.any", "tokenize._all_string_prefixes", "re", "<builtin>.map", "re.compile", "<builtin>.sorted", "tokenize.maybe", "codecs", "collections.namedtuple", "tokenize.StopTokenizing", "tokenize.TokenError", "<builtin>.set", "collections", "tokenize.TokenInfo", "tokenize.Untokenizer"], "codecs": ["codecs.IncrementalDecoder", "codecs.StreamWriter", "codecs.StreamReader", "encodings", "codecs.Codec", "codecs.CodecInfo", "codecs.StreamRecoder", "codecs.IncrementalEncoder", "codecs.BufferedIncrementalEncoder", "codecs.BufferedIncrementalDecoder", "codecs.StreamReaderWriter", "<builtin>.SystemError"], "<builtin>.SystemError": [], "codecs.CodecInfo": [], "codecs.Codec": [], "codecs.IncrementalEncoder": [], "codecs.BufferedIncrementalEncoder": [], "codecs.IncrementalDecoder": [], "codecs.BufferedIncrementalDecoder": [], "codecs.StreamWriter": [], "codecs.StreamReader": [], "codecs.StreamReaderWriter": [], "codecs.StreamRecoder": [], "encodings": ["encodings.CodecRegistryError", "codecs"], "encodings.CodecRegistryError": [], "io": ["io.TextIOBase", "io.RawIOBase", "io.IOBase", "abc", "io.BufferedIOBase"], "io.IOBase": [], "io.RawIOBase": [], "io.BufferedIOBase": [], "io.TextIOBase": [], "token": ["<builtin>.isinstance", "<builtin>.globals"], "<str>.replace": [], "tokenize.TokenInfo": ["<builtin>.property"], "<builtin>.any": [], "tokenize.maybe": ["tokenize.group"], "tokenize.group": [], "tokenize._all_string_prefixes": [], "<builtin>.sorted": [], "tokenize.TokenError": [], "tokenize.StopTokenizing": [], "tokenize.Untokenizer": [], "linecache.getlines": ["linecache.updatecache", "<builtin>.len", "linecache.clearcache"], "linecache.updatecache": ["posixpath.isabs", "<builtin>.len", "ntpath.join", "<str>.startswith", "posixpath.join", "<str>.endswith", "tokenize.open", "ntpath.isabs", "linecache.lazycache", "<map>.pop"], "<map>.pop": [], "<str>.startswith": [], "<str>.endswith": [], "linecache.lazycache": ["<str>.startswith", "<str>.endswith", "<builtin>.getattr", "<builtin>.len"], "ntpath.isabs": ["ntpath._get_bothseps", "<builtin>.len", "<builtin>.isinstance", "<str>.startswith", "<str>.replace", "os._fspath", "ntpath.splitdrive"], "os._fspath": ["<builtin>.isinstance", "<builtin>.TypeError", "<builtin>.type", "<builtin>.hasattr"], "ntpath.splitdrive": ["<builtin>.len", "<builtin>.isinstance", "<str>.replace", "os._fspath", "<str>.find"], "<str>.find": [], "ntpath._get_bothseps": ["<builtin>.isinstance"], "posixpath.isabs": ["<str>.startswith", "posixpath._get_sep", "os._fspath"], "posixpath._get_sep": ["<builtin>.isinstance"], "ntpath.join": ["<builtin>.map", "<builtin>.isinstance", "os._fspath", "ntpath.splitdrive", "genericpath._check_arg_types"], "genericpath._check_arg_types": ["<builtin>.isinstance", "<builtin>.TypeError"], "posixpath.join": ["<builtin>.map", "<str>.endswith", "os._fspath", "posixpath._get_sep", "genericpath._check_arg_types"], "tokenize.open": ["tokenize.detect_encoding", "builtins.open", "_io.TextIOWrapper"], "builtins.open": [], "tokenize.detect_encoding": ["tokenize.detect_encoding.read_or_stop", "tokenize.detect_encoding.find_cookie"], "tokenize.detect_encoding.read_or_stop": [], "tokenize.detect_encoding.find_cookie": ["<builtin>.SyntaxError", "tokenize._get_normal_name"], "<builtin>.SyntaxError": [], "tokenize._get_normal_name": [], "_io.TextIOWrapper": [], "linecache.clearcache": [], "<builtin>.RuntimeError": [], "warnings.WarningMessage.__init__": [], "warnings._showwarnmsg": ["warnings._showwarnmsg_impl"], "warnings._showwarnmsg_impl": ["warnings._formatwarnmsg"], "warnings._formatwarnmsg": ["warnings._formatwarnmsg_impl"], "warnings._formatwarnmsg_impl": ["linecache.getline", "linecache", "<str>.strip", "tracemalloc"], "linecache.getline": ["linecache.getlines", "<builtin>.len"], "tracemalloc": ["tracemalloc.Frame", "tracemalloc._Traces", "tracemalloc.Filter", "pickle", "tracemalloc.StatisticDiff", "tracemalloc.Trace", "tracemalloc.BaseFilter", "tracemalloc.DomainFilter", "tracemalloc.Snapshot", "functools", "fnmatch", "linecache", "posixpath", "tracemalloc.Traceback", "collections.abc", "tracemalloc.Statistic"], "collections.abc": ["collections.abc"], "fnmatch": ["functools._lru_cache_wrapper.wrapper", "re", "os", "functools.lru_cache.decorating_function", "functools.lru_cache", "functools", "posixpath"], "functools.lru_cache": ["<builtin>.callable", "functools.update_wrapper", "<builtin>.isinstance", "functools._lru_cache_wrapper", "<builtin>.TypeError"], "<builtin>.callable": [], "functools._lru_cache_wrapper": ["_thread.RLock", "<builtin>.object"], "_thread.RLock": [], "functools.update_wrapper": ["<builtin>.getattr"], "functools.lru_cache.decorating_function": ["functools.update_wrapper", "functools._lru_cache_wrapper"], "functools._lru_cache_wrapper.wrapper": ["functools._make_key", "fnmatch._compile_pattern"], "functools._make_key": ["functools._HashedSeq.__init__", "<builtin>.tuple", "<builtin>.type", "<builtin>.len"], "functools._HashedSeq.__init__": ["<builtin>.hash"], "<builtin>.hash": [], "fnmatch._compile_pattern": ["<builtin>.str", "<builtin>.bytes", "<builtin>.isinstance", "re.compile", "fnmatch.translate"], "fnmatch.translate": [], "<builtin>.bytes": [], "pickle": ["io", "codecs", "functools", "pickle._Unframer", "pickle.PicklingError", "pickle._Unpickler", "<builtin>.dir", "pickle.UnpicklingError", "pickle._Framer", "_pickle", "pickle._Pickler", "re", "struct", "types", "re.match", "copyreg", "pickle._Stop", "_compat_pickle", "pickle.PickleError"], "copyreg": [], "struct": ["_struct"], "_struct": [], "_compat_pickle": ["<map>.items", "<map>.update", "<builtin>.len", "<builtin>.dict"], "<map>.items": [], "<map>.update": [], "_pickle": [], "pickle.PickleError": [], "pickle.PicklingError": [], "pickle.UnpicklingError": [], "pickle._Stop": [], "re.match": ["re._compile"], "pickle._Framer": [], "pickle._Unframer": [], "pickle._Pickler": ["<builtin>.type"], "pickle._Unpickler": [], "tracemalloc.Statistic": [], "tracemalloc.StatisticDiff": [], "tracemalloc.Frame": ["<builtin>.property"], "tracemalloc.Traceback": [], "tracemalloc.Trace": ["<builtin>.property"], "tracemalloc._Traces": [], "tracemalloc.BaseFilter": [], "tracemalloc.Filter": ["<builtin>.property"], "tracemalloc.DomainFilter": ["<builtin>.property"], "tracemalloc.Snapshot": ["<builtin>.staticmethod"], "sre_parse.Tokenizer.getuntil": ["sre_parse.Tokenizer.error", "sre_parse.Tokenizer.__next", "<builtin>.len"], "<str>.isidentifier": [], "sre_parse.State.checklookbehindgroup": ["sre_parse.State.checkgroup", "sre_parse.Tokenizer.error"], "sre_parse.State.checkgroup": [], "sre_parse.State.opengroup": ["<map>.get", "sre_constants.error.__init__"], "sre_constants.error.__init__": ["<builtin>.isinstance", "<builtin>.super"], "<builtin>.super": [], "sre_parse.State.closegroup": [], "sre_parse.Tokenizer.seek": ["sre_parse.Tokenizer.__next"], "<builtin>.OverflowError": [], "sre_parse._class_escape": ["<builtin>.ord", "sre_parse.Tokenizer.match", "<builtin>.len", "unicodedata", "<builtin>.chr", "sre_parse.Tokenizer.error", "<builtin>.int", "<map>.get", "sre_parse.Tokenizer.getuntil", "sre_parse.Tokenizer.getwhile"], "sre_parse.Tokenizer.getwhile": ["<builtin>.range", "sre_parse.Tokenizer.__next"], "unicodedata": [], "<builtin>.ord": [], "sre_parse._uniq": ["<builtin>.list"], "sre_parse._escape": ["<builtin>.ord", "sre_parse.Tokenizer.match", "<builtin>.len", "sre_parse.State.checklookbehindgroup", "unicodedata", "sre_parse.State.checkgroup", "sre_parse.Tokenizer.error", "<builtin>.chr", "<builtin>.int", "<map>.get", "sre_parse.Tokenizer.getwhile", "sre_parse.Tokenizer.getuntil", "sre_parse.Tokenizer.get"], "sre_parse.fix_flags": ["<builtin>.isinstance", "<builtin>.ValueError"], "sre_parse.SubPattern.dump": ["<builtin>.isinstance", "<builtin>.str", "<builtin>.print", "<builtin>.enumerate"], "sre_compile._code": ["sre_compile._compile_info", "sre_compile._compile"], "sre_compile._compile_info": ["<builtin>.len", "sre_compile._compile_charset", "sre_compile._generate_overlap_table", "sre_compile._get_literal_prefix", "sre_compile._optimize_charset", "sre_compile._get_charset_prefix", "sre_parse.SubPattern.getwidth", "<builtin>.min"], "sre_parse.SubPattern.getwidth": ["<builtin>.max", "<builtin>.min"], "<builtin>.min": [], "<builtin>.max": [], "sre_compile._get_literal_prefix": ["sre_compile._get_literal_prefix", "<builtin>.len", "sre_compile._get_iscased", "sre_compile._combine_flags"], "sre_compile._get_iscased": [], "sre_compile._combine_flags": [], "sre_compile._get_charset_prefix": ["<builtin>.any", "<builtin>.map", "<builtin>.range", "sre_compile._get_iscased", "sre_compile._combine_flags"], "sre_compile._optimize_charset": ["<builtin>.any", "<builtin>.bytes", "<builtin>.len", "sre_compile._mk_bitmap", "<builtin>.map", "<builtin>.range", "sre_compile._bytes_to_codes", "<builtin>.bytearray"], "<builtin>.bytearray": [], "sre_compile._mk_bitmap": ["<builtin>.range", "<builtin>.len"], "sre_compile._bytes_to_codes": ["<builtin>.len", "<builtin>.memoryview"], "<builtin>.memoryview": [], "sre_compile._compile_charset": ["sre_constants.error.__init__"], "sre_compile._generate_overlap_table": ["<builtin>.range", "<builtin>.len"], "sre_compile._compile": ["sre_compile._simple", "sre_compile._compile_charset", "sre_compile._compile", "sre_constants.error.__init__", "sre_compile._optimize_charset", "sre_compile._combine_flags"], "sre_compile._simple": ["sre_compile._simple", "<builtin>.len"], "sre_compile.dis": ["sre_compile.dis.dis_", "<builtin>.str", "<builtin>.len", "<builtin>.set"], "sre_compile.dis.dis_": ["<builtin>.str", "<builtin>.map", "<builtin>.bin", "<builtin>.ValueError", "sre_compile.dis.dis_", "<builtin>.range", "<builtin>.chr", "sre_compile._hex_code", "sre_compile.dis.dis_.print_2", "sre_compile.dis.dis_.print_", "<builtin>.list"], "<builtin>.bin": [], "sre_compile.dis.dis_.print_": ["<builtin>.print"], "sre_compile.dis.dis_.print_2": ["<builtin>.print"], "sre_compile._hex_code": [], "copyreg.pickle": ["<builtin>.TypeError", "copyreg.constructor", "<builtin>.callable"], "copyreg.constructor": ["<builtin>.TypeError", "<builtin>.callable"], "re.Scanner": [], "contextlib": ["contextlib._RedirectStream", "functools", "collections", "contextlib.ContextDecorator", "contextlib.redirect_stderr", "contextlib.ExitStack", "contextlib.AbstractContextManager", "contextlib.suppress", "contextlib._GeneratorContextManagerBase", "contextlib.nullcontext", "contextlib._BaseExitStack", "abc", "contextlib._AsyncGeneratorContextManager", "contextlib.closing", "contextlib._GeneratorContextManager", "contextlib.redirect_stdout", "types", "contextlib.AbstractAsyncContextManager", "contextlib.AsyncExitStack", "collections.abc"], "contextlib.AbstractContextManager": ["abc.abstractmethod", "<builtin>.classmethod"], "contextlib.AbstractAsyncContextManager": ["abc.abstractmethod", "<builtin>.classmethod"], "contextlib.ContextDecorator": [], "contextlib._GeneratorContextManagerBase": [], "contextlib._GeneratorContextManager": [], "contextlib._AsyncGeneratorContextManager": [], "contextlib.closing": [], "contextlib._RedirectStream": [], "contextlib.redirect_stdout": [], "contextlib.redirect_stderr": [], "contextlib.suppress": [], "contextlib._BaseExitStack": ["<builtin>.staticmethod"], "contextlib.ExitStack": [], "contextlib.AsyncExitStack": ["<builtin>.staticmethod"], "contextlib.nullcontext": [], "contextlib.contextmanager": ["functools.wraps"], "functools.wraps": [], "sqlparse.tokens": ["sqlparse.tokens._TokenType"], "sqlparse.tokens._TokenType": [], "sqlparse.sql": ["sqlparse.sql.Function", "sqlparse.sql.Values", "sqlparse.sql.If", "sqlparse.sql.TokenList", "sqlparse.sql.Case", "sqlparse.sql.Parenthesis", "sqlparse.sql.Comment", "sqlparse.sql.For", "sqlparse.sql.IdentifierList", "sqlparse.sql.Comparison", "sqlparse.tokens", "sqlparse.sql.Assignment", "sqlparse.sql.Having", "sqlparse.sql.Begin", "sqlparse.sql.SquareBrackets", "sqlparse.sql.Operation", "sqlparse.sql.Identifier", "re", "sqlparse.sql.Command", "sqlparse.sql.Where", "sqlparse.sql.NameAliasMixin", "sqlparse.sql.TypedLiteral", "sqlparse.sql.Statement", "sqlparse.sql.Token", "sqlparse.utils"], "sqlparse.sql.NameAliasMixin": [], "sqlparse.sql.Token": [], "sqlparse.sql.TokenList": ["<builtin>.property"], "sqlparse.sql.Statement": [], "sqlparse.sql.Identifier": [], "sqlparse.sql.IdentifierList": [], "sqlparse.sql.TypedLiteral": [], "sqlparse.sql.Parenthesis": ["<builtin>.property"], "sqlparse.sql.SquareBrackets": ["<builtin>.property"], "sqlparse.sql.Assignment": [], "sqlparse.sql.If": [], "sqlparse.sql.For": [], "sqlparse.sql.Comparison": ["<builtin>.property"], "sqlparse.sql.Comment": [], "sqlparse.sql.Where": [], "sqlparse.sql.Having": [], "sqlparse.sql.Case": [], "sqlparse.sql.Function": [], "sqlparse.sql.Begin": [], "sqlparse.sql.Operation": [], "sqlparse.sql.Values": [], "sqlparse.sql.Command": [], "sqlparse.keywords": ["re.compile", "sqlparse.tokens", "re"], "sqlparse.lexer": ["io", "sqlparse.tokens", "sqlparse.lexer.Lexer", "sqlparse.keywords", "sqlparse.utils"], "sqlparse.lexer.Lexer": ["<builtin>.staticmethod"], "sqlparse.formatter": ["sqlparse.filters", "sqlparse.exceptions"], "sqlparse.filters": ["sqlparse.filters.tokens", "sqlparse.filters.output", "sqlparse.filters.reindent", "sqlparse.filters.others", "sqlparse.filters.aligned_indent", "sqlparse.filters.right_margin"], "sqlparse.filters.others": ["sqlparse.filters.others.SpacesAroundOperatorsFilter", "re", "sqlparse.tokens", "sqlparse.filters.others.StripWhitespaceFilter", "sqlparse.filters.others.SerializerUnicode", "sqlparse.sql", "sqlparse.utils", "sqlparse.filters.others.StripCommentsFilter"], "sqlparse.filters.others.StripCommentsFilter": ["<builtin>.staticmethod"], "sqlparse.filters.others.StripWhitespaceFilter": ["<builtin>.staticmethod"], "sqlparse.filters.others.SpacesAroundOperatorsFilter": ["<builtin>.staticmethod"], "sqlparse.filters.others.SerializerUnicode": ["<builtin>.staticmethod"], "sqlparse.filters.output": ["sqlparse.filters.output.OutputPHPFilter", "sqlparse.tokens", "sqlparse.sql", "sqlparse.filters.output.OutputPythonFilter", "sqlparse.filters.output.OutputFilter"], "sqlparse.filters.output.OutputFilter": [], "sqlparse.filters.output.OutputPythonFilter": [], "sqlparse.filters.output.OutputPHPFilter": [], "sqlparse.filters.tokens": ["sqlparse.filters.tokens.TruncateStringFilter", "sqlparse.tokens", "sqlparse.filters.tokens.KeywordCaseFilter", "sqlparse.filters.tokens._CaseFilter", "sqlparse.filters.tokens.IdentifierCaseFilter"], "sqlparse.filters.tokens._CaseFilter": [], "sqlparse.filters.tokens.KeywordCaseFilter": [], "sqlparse.filters.tokens.IdentifierCaseFilter": [], "sqlparse.filters.tokens.TruncateStringFilter": [], "sqlparse.filters.reindent": ["sqlparse.utils", "sqlparse.tokens", "sqlparse.sql", "sqlparse.filters.reindent.ReindentFilter"], "sqlparse.filters.reindent.ReindentFilter": ["<builtin>.property"], "sqlparse.filters.right_margin": ["sqlparse.tokens", "sqlparse.sql", "re", "sqlparse.filters.right_margin.RightMarginFilter"], "sqlparse.filters.right_margin.RightMarginFilter": [], "sqlparse.filters.aligned_indent": ["sqlparse.utils", "sqlparse.tokens", "sqlparse.sql", "sqlparse.filters.aligned_indent.AlignedIndentFilter"], "sqlparse.filters.aligned_indent.AlignedIndentFilter": [], "sqlparse.exceptions": ["sqlparse.exceptions.SQLParseError"], "sqlparse.exceptions.SQLParseError": [], "sqlparse.cli": ["sqlparse", "io", "sqlparse.exceptions", "argparse"], "argparse": ["argparse.ArgumentParser", "argparse.MetavarTypeHelpFormatter", "argparse._AppendAction", "argparse._AppendConstAction", "argparse._MutuallyExclusiveGroup", "argparse.Action", "argparse._SubParsersAction", "argparse._ExtendAction", "argparse._HelpAction", "argparse._StoreFalseAction", "argparse._AttributeHolder", "shutil", "argparse._StoreTrueAction", "argparse.HelpFormatter", "argparse._VersionAction", "argparse.Namespace", "argparse._StoreAction", "argparse._ArgumentGroup", "argparse._ActionsContainer", "argparse._StoreConstAction", "argparse.ArgumentError", "argparse.ArgumentDefaultsHelpFormatter", "argparse.ArgumentTypeError", "argparse.RawTextHelpFormatter", "argparse._CountAction", "re", "os", "argparse.RawDescriptionHelpFormatter", "argparse.FileType", "gettext"], "shutil": ["bz2", "shutil.SameFileError", "zlib", "shutil.ExecError", "shutil._GiveupOnFastCopy", "os", "lzma", "shutil.ReadError", "collections.namedtuple", "grp", "shutil.Error", "fnmatch", "shutil.SpecialFileError", "<builtin>.hasattr", "collections", "shutil.RegistryError", "stat"], "zlib": [], "bz2": ["io", "<builtin>.object", "os", "threading", "_compression", "_bz2", "bz2.BZ2File", "warnings"], "_compression": ["_compression.DecompressReader", "_compression.BaseStream", "io"], "_compression.BaseStream": [], "_compression.DecompressReader": [], "threading": ["threading._RLock", "collections.namedtuple", "threading.BrokenBarrierError", "collections", "threading._MainThread", "threading.Semaphore", "threading.BoundedSemaphore", "threading.Event", "<builtin>.hasattr", "threading.Thread", "threading.Condition", "_threading_local", "threading._DummyThread", "_weakrefset.WeakSet.__init__", "traceback", "threading.Barrier", "threading.Timer", "_weakrefset", "itertools.count", "threading._MainThread.__init__", "os", "<builtin>.set"], "threading._RLock": [], "threading.Condition": [], "threading.Semaphore": [], "threading.BoundedSemaphore": [], "threading.Event": [], "threading.Barrier": ["<builtin>.property"], "threading.BrokenBarrierError": [], "itertools.count": [], "_weakrefset.WeakSet.__init__": ["_weakrefset.WeakSet.update", "_weakref.ref", "<builtin>.set"], "_weakref.ref": [], "_weakrefset.WeakSet.update": ["_weakrefset.WeakSet.add", "_weakrefset.WeakSet._commit_removals"], "_weakrefset.WeakSet._commit_removals": [], "_weakrefset.WeakSet.add": ["_weakref.ref", "_weakrefset.WeakSet._commit_removals"], "threading.Thread": ["<builtin>.property"], "traceback": ["linecache", "traceback.TracebackException", "traceback.StackSummary", "collections", "traceback.FrameSummary"], "traceback.FrameSummary": ["<builtin>.property"], "traceback.StackSummary": ["<builtin>.classmethod"], "traceback.TracebackException": ["<builtin>.classmethod"], "threading.Timer": [], "threading._MainThread": [], "threading._DummyThread": [], "threading._MainThread.__init__": ["threading.Event.set", "threading.Thread._set_ident", "threading.Thread._set_native_id", "threading.Thread.__init__", "threading.Thread._set_tstate_lock"], "threading.Thread.__init__": ["_weakrefset.WeakSet.add", "threading._make_invoke_excepthook", "<builtin>.str", "threading.Event.__init__", "threading._newname", "threading.current_thread"], "threading._newname": [], "threading.current_thread": ["_thread.get_ident", "threading._DummyThread.__init__"], "_thread.get_ident": [], "threading._DummyThread.__init__": ["threading.Thread._set_native_id", "threading.Thread.__init__", "threading.Thread._set_ident", "threading._newname"], "threading.Thread._set_ident": ["_thread.get_ident"], "threading.Thread._set_native_id": [], "threading.Event.__init__": ["threading.Condition.__init__"], "threading.Condition.__init__": ["_collections.deque", "threading.RLock"], "threading.RLock": ["_thread.RLock", "threading._RLock.__init__"], "threading._RLock.__init__": [], "_collections.deque": [], "threading._make_invoke_excepthook": ["<builtin>.RuntimeError"], "threading.Thread._set_tstate_lock": [], "threading.Event.set": [], "_threading_local": ["contextlib", "weakref", "_threading_local.local", "threading", "contextlib.contextmanager", "_threading_local._localimpl"], "weakref": ["_weakrefset", "weakref.finalize", "weakref.WeakValueDictionary", "weakref.WeakMethod", "weakref.WeakKeyDictionary", "weakref.KeyedRef", "collections.abc"], "weakref.WeakMethod": [], "weakref.WeakValueDictionary": [], "weakref.KeyedRef": [], "weakref.WeakKeyDictionary": [], "weakref.finalize": ["<builtin>.property", "weakref.finalize._Info", "<builtin>.classmethod"], "weakref.finalize._Info": [], "_threading_local._localimpl": [], "_threading_local.local": [], "_bz2": [], "bz2.BZ2File": ["<builtin>.property"], "lzma": ["io", "os", "_compression", "lzma.LZMAFile", "_lzma"], "_lzma": [], "lzma.LZMAFile": ["<builtin>.property"], "grp": [], "shutil.Error": [], "shutil.SameFileError": [], "shutil.SpecialFileError": [], "shutil.ExecError": [], "shutil.ReadError": [], "shutil.RegistryError": [], "shutil._GiveupOnFastCopy": [], "gettext": ["locale", "re", "<builtin>.enumerate", "os", "ntpath.join", "posixpath.join", "re.compile", "gettext.NullTranslations", "gettext.GNUTranslations"], "locale": ["<map>.items", "re", "re.compile", "<builtin>.sorted", "encodings", "<builtin>.globals", "functools", "encodings.aliases", "functools.wraps", "<builtin>.hasattr", "collections.abc", "<map>.setdefault"], "encodings.aliases": [], "<map>.setdefault": [], "gettext.NullTranslations": [], "gettext.GNUTranslations": [], "argparse._AttributeHolder": [], "argparse.HelpFormatter": ["argparse.HelpFormatter._Section"], "argparse.HelpFormatter._Section": [], "argparse.RawDescriptionHelpFormatter": [], "argparse.RawTextHelpFormatter": [], "argparse.ArgumentDefaultsHelpFormatter": [], "argparse.MetavarTypeHelpFormatter": [], "argparse.ArgumentError": [], "argparse.ArgumentTypeError": [], "argparse.Action": [], "argparse._StoreAction": [], "argparse._StoreConstAction": [], "argparse._StoreTrueAction": [], "argparse._StoreFalseAction": [], "argparse._AppendAction": [], "argparse._AppendConstAction": [], "argparse._CountAction": [], "argparse._HelpAction": [], "argparse._VersionAction": [], "argparse._SubParsersAction": ["argparse._SubParsersAction._ChoicesPseudoAction"], "argparse._SubParsersAction._ChoicesPseudoAction": [], "argparse._ExtendAction": [], "argparse.FileType": [], "argparse.Namespace": [], "argparse._ActionsContainer": [], "argparse._ArgumentGroup": [], "argparse._MutuallyExclusiveGroup": [], "argparse.ArgumentParser": [], "sqlparse": ["sqlparse.engine", "sqlparse.cli", "sqlparse.tokens", "sqlparse.sql", "sqlparse.filters", "sqlparse.formatter"], "sqlparse.engine": ["sqlparse.engine.grouping", "sqlparse.engine.statement_splitter", "sqlparse.engine.filter_stack"], "sqlparse.engine.grouping": ["sqlparse.utils.recurse.wrap", "sqlparse.utils.recurse", "sqlparse.tokens", "sqlparse.sql", "sqlparse.utils"], "sqlparse.utils.recurse": [], "sqlparse.utils.recurse.wrap": [], "sqlparse.engine.filter_stack": ["sqlparse.engine.grouping", "sqlparse.lexer", "sqlparse.engine.filter_stack.FilterStack", "sqlparse.engine.statement_splitter"], "sqlparse.engine.statement_splitter": ["sqlparse.engine.statement_splitter.StatementSplitter", "sqlparse.tokens", "sqlparse.sql"], "sqlparse.engine.statement_splitter.StatementSplitter": [], "sqlparse.engine.filter_stack.FilterStack": [], "sqlparse.__main__": ["sqlparse.cli.main", "sqlparse.cli"], "sqlparse.cli.main": ["sqlparse.formatter.validate_options", "_io.TextIOWrapper", "sqlparse.cli._error", "sqlparse.format", "argparse.ArgumentParser.parse_args", "sqlparse.cli.create_parser", "<builtin>.vars", "<builtin>.open"], "sqlparse.cli.create_parser": ["argparse.ArgumentParser.__init__", "argparse._ActionsContainer.add_argument_group", "argparse._ActionsContainer.add_argument"], "argparse.ArgumentParser.__init__": ["<builtin>.super", "argparse._ActionsContainer.register", "ntpath.basename", "argparse._ActionsContainer.add_argument_group", "gettext.gettext", "argparse._ActionsContainer._add_container_actions", "argparse._ActionsContainer.add_argument", "posixpath.basename"], "ntpath.basename": ["ntpath.split"], "ntpath.split": ["ntpath._get_bothseps", "<builtin>.len", "os._fspath", "ntpath.splitdrive"], "posixpath.basename": ["posixpath._get_sep", "<str>.rfind", "os._fspath"], "<str>.rfind": [], "gettext.gettext": ["gettext.dgettext"], "gettext.dgettext": ["<map>.get", "gettext.translation", "gettext.NullTranslations.gettext"], "gettext.translation": ["gettext.find", "ntpath.abspath", "warnings.catch_warnings.__init__", "warnings", "gettext.NullTranslations.__init__", "copy", "<map>.get", "copy.copy", "warnings.warn", "posixpath.abspath", "<builtin>.FileNotFoundError", "<map>.setdefault", "<builtin>.open"], "gettext.find": ["gettext._expand_lang", "posixpath.join", "ntpath.join", "genericpath.exists"], "gettext._expand_lang": ["<builtin>.range", "locale.normalize"], "locale.normalize": ["<map>.get", "<str>.replace", "locale._replace_encoding", "locale._append_modifier"], "locale._append_modifier": ["locale._replace_encoding"], "locale._replace_encoding": ["<map>.get", "encodings.normalize_encoding", "<str>.lower", "<str>.replace"], "encodings.normalize_encoding": ["<builtin>.isinstance", "<builtin>.str"], "<str>.lower": [], "genericpath.exists": [], "gettext.NullTranslations.__init__": ["gettext.NullTranslations._parse"], "gettext.NullTranslations._parse": [], "<builtin>.FileNotFoundError": [], "ntpath.abspath": [], "posixpath.abspath": ["posixpath.isabs", "<builtin>.isinstance", "posixpath.join", "posixpath.normpath", "os._fspath"], "posixpath.normpath": ["<builtin>.isinstance", "<str>.startswith", "os._fspath", "<str>.split"], "<builtin>.open": [], "copy": ["copy.Error", "weakref", "types", "<builtin>.getattr", "copyreg", "<builtin>.type"], "copy.Error": [], "copy.copy": ["<map>", "copy._reconstruct", "<builtin>.isinstance", "<map>.get", "<builtin>.getattr", "copy._copy_immutable", "<builtin>.type", "<builtin>.issubclass"], "<map>": [], "copy._copy_immutable": [], "copy._reconstruct": ["<builtin>.len", "<builtin>.isinstance", "<builtin>.setattr", "<builtin>.id", "copy.deepcopy", "<builtin>.hasattr"], "copy.deepcopy": ["<map>", "copy._deepcopy_atomic", "copy._reconstruct", "<builtin>.isinstance", "<builtin>.id", "<map>.get", "<builtin>.getattr", "copy._keep_alive", "<builtin>.type", "<builtin>.issubclass"], "<builtin>.id": [], "copy._deepcopy_atomic": [], "copy._keep_alive": ["<builtin>.id"], "<builtin>.setattr": [], "warnings.catch_warnings.__init__": [], "gettext.NullTranslations.gettext": [], "argparse._ActionsContainer.add_argument_group": ["argparse._ArgumentGroup.__init__"], "argparse._ArgumentGroup.__init__": ["<builtin>.super"], "argparse._ActionsContainer.register": [], "argparse._ActionsContainer.add_argument": ["argparse.ArgumentParser._get_formatter", "argparse._ActionsContainer._registry_get", "<builtin>.callable", "argparse._ActionsContainer._get_positional_kwargs", "<builtin>.len", "argparse._ActionsContainer._get_optional_kwargs", "argparse._ActionsContainer._pop_action_class", "argparse._ActionsContainer._add_action", "<builtin>.ValueError", "<builtin>.hasattr", "argparse.ArgumentParser._add_action"], "argparse._ActionsContainer._get_optional_kwargs": ["<builtin>.ValueError", "<builtin>.dict", "<builtin>.len", "gettext.gettext"], "argparse._ActionsContainer._get_positional_kwargs": ["<builtin>.TypeError", "<builtin>.dict", "gettext.gettext"], "argparse._ActionsContainer._pop_action_class": ["argparse._ActionsContainer._registry_get"], "argparse._ActionsContainer._registry_get": [], "argparse.ArgumentParser._get_formatter": [], "argparse.ArgumentParser._add_action": [], "argparse._ActionsContainer._add_action": ["argparse._ActionsContainer._check_conflict"], "argparse._ActionsContainer._check_conflict": ["argparse._ActionsContainer._get_handler"], "argparse._ActionsContainer._get_handler": ["<builtin>.getattr", "<builtin>.ValueError", "gettext.gettext"], "argparse._ActionsContainer._add_container_actions": ["<builtin>.ValueError", "<map>.get", "argparse._ActionsContainer.add_argument_group", "argparse._ActionsContainer.add_mutually_exclusive_group", "gettext.gettext"], "argparse._ActionsContainer.add_mutually_exclusive_group": ["argparse._MutuallyExclusiveGroup.__init__"], "argparse._MutuallyExclusiveGroup.__init__": ["<builtin>.super"], "argparse.ArgumentParser.parse_args": ["argparse.ArgumentParser.parse_known_args", "argparse.ArgumentParser.error", "gettext.gettext"], "argparse.ArgumentParser.parse_known_args": ["<builtin>.str", "argparse.ArgumentParser.error", "<builtin>.setattr", "argparse.Namespace.__init__", "<builtin>.getattr", "<builtin>.delattr", "<builtin>.hasattr", "argparse.ArgumentParser._parse_known_args", "<builtin>.list"], "argparse.Namespace.__init__": ["<builtin>.setattr"], "argparse.ArgumentParser._parse_known_args": ["argparse.ArgumentParser._get_positional_actions", "<builtin>.min", "argparse.ArgumentParser._read_args_from_files", "argparse._get_action_name", "<builtin>.enumerate", "<builtin>.setattr", "argparse.ArgumentParser._get_value", "<builtin>.hasattr", "argparse.ArgumentParser._parse_optional", "argparse.ArgumentParser.error", "argparse.ArgumentParser._parse_known_args.consume_positionals", "<builtin>.iter", "<builtin>.isinstance", "<builtin>.getattr", "<builtin>.max", "<builtin>.set", "argparse.ArgumentParser._parse_known_args.consume_optional", "<map>.setdefault", "gettext.gettext"], "argparse.ArgumentParser._read_args_from_files": ["argparse.ArgumentParser._read_args_from_files", "<builtin>.str", "argparse.ArgumentParser.error", "argparse.ArgumentParser.convert_arg_line_to_args", "<builtin>.open"], "argparse.ArgumentParser.convert_arg_line_to_args": [], "argparse.ArgumentParser.error": ["argparse.ArgumentParser.exit", "argparse.ArgumentParser.print_usage", "gettext.gettext"], "argparse.ArgumentParser.print_usage": ["argparse.ArgumentParser.format_usage", "argparse.ArgumentParser._print_message"], "argparse.ArgumentParser.format_usage": ["argparse.ArgumentParser._get_formatter"], "argparse.ArgumentParser._print_message": [], "argparse.ArgumentParser.exit": ["argparse.ArgumentParser._print_message"], "<builtin>.iter": [], "argparse.ArgumentParser._parse_optional": ["argparse.ArgumentParser._get_option_tuples", "argparse.ArgumentParser.error", "<builtin>.len", "gettext.gettext"], "argparse.ArgumentParser._get_option_tuples": ["argparse.ArgumentParser.error", "gettext.gettext"], "argparse.ArgumentParser._get_positional_actions": [], "argparse.ArgumentParser._parse_known_args.consume_positionals": ["argparse.ArgumentParser._match_arguments_partial", "argparse.ArgumentParser._parse_known_args.take_action", "<builtin>.len", "<builtin>.zip"], "argparse.ArgumentParser._match_arguments_partial": ["<builtin>.range", "re.match", "<builtin>.len", "argparse.ArgumentParser._get_nargs_pattern"], "argparse.ArgumentParser._get_nargs_pattern": ["<str>.replace"], "argparse.ArgumentParser._parse_known_args.take_action": ["argparse._get_action_name", "argparse.ArgumentParser._get_values", "<map>.get", "argparse.ArgumentError.__init__", "gettext.gettext"], "argparse.ArgumentParser._get_values": ["<builtin>.isinstance", "argparse.ArgumentParser._get_value", "<builtin>.len", "argparse.ArgumentParser._check_value"], "argparse.ArgumentParser._get_value": ["argparse._ActionsContainer._registry_get", "<builtin>.callable", "<builtin>.str", "<builtin>.repr", "<builtin>.getattr", "gettext.gettext", "argparse.ArgumentError.__init__"], "argparse.ArgumentError.__init__": ["argparse._get_action_name"], "argparse._get_action_name": [], "argparse.ArgumentParser._check_value": ["gettext.gettext", "argparse.ArgumentError.__init__", "<builtin>.map"], "argparse.ArgumentParser._parse_known_args.consume_optional": ["argparse.ArgumentParser._parse_known_args.take_action", "argparse.ArgumentError.__init__", "argparse.ArgumentParser._match_argument", "gettext.gettext"], "argparse.ArgumentParser._match_argument": ["<builtin>.len", "gettext.ngettext", "argparse.ArgumentParser._get_nargs_pattern", "re.match", "<map>.get", "argparse.ArgumentError.__init__", "gettext.gettext"], "gettext.ngettext": ["gettext.dngettext"], "gettext.dngettext": ["gettext.NullTranslations.ngettext", "<map>.get", "gettext.translation"], "gettext.NullTranslations.ngettext": [], "<builtin>.next": [], "<builtin>.delattr": [], "sqlparse.cli._error": [], "<builtin>.vars": [], "sqlparse.formatter.validate_options": ["<builtin>.int"], "sqlparse.format": ["sqlparse.engine.filter_stack.FilterStack.run", "sqlparse.formatter.build_filter_stack", "sqlparse.engine.filter_stack.FilterStack.__init__", "sqlparse.formatter.validate_options"], "sqlparse.engine.filter_stack.FilterStack.__init__": [], "sqlparse.formatter.build_filter_stack": ["sqlparse.filters.reindent.ReindentFilter.__init__", "sqlparse.filters.right_margin.RightMarginFilter.__init__", "sqlparse.engine.filter_stack.FilterStack.enable_grouping", "sqlparse.filters.aligned_indent.AlignedIndentFilter.__init__", "sqlparse.filters.tokens.TruncateStringFilter.__init__"], "sqlparse.filters.tokens.TruncateStringFilter.__init__": [], "sqlparse.engine.filter_stack.FilterStack.enable_grouping": [], "sqlparse.filters.reindent.ReindentFilter.__init__": [], "sqlparse.filters.aligned_indent.AlignedIndentFilter.__init__": ["<builtin>.len"], "sqlparse.filters.right_margin.RightMarginFilter.__init__": [], "sqlparse.engine.filter_stack.FilterStack.run": ["sqlparse.engine.statement_splitter.StatementSplitter.process", "sqlparse.lexer.tokenize", "sqlparse.engine.statement_splitter.StatementSplitter.__init__", "sqlparse.engine.grouping.group"], "sqlparse.lexer.tokenize": ["sqlparse.lexer.Lexer.get_tokens"], "sqlparse.lexer.Lexer.get_tokens": ["<builtin>.callable", "<builtin>.enumerate", "<builtin>.isinstance", "sqlparse.utils.consume", "<builtin>.TypeError", "<builtin>.type"], "sqlparse.utils.consume": ["_collections.deque"], "sqlparse.engine.statement_splitter.StatementSplitter.__init__": ["sqlparse.engine.statement_splitter.StatementSplitter._reset"], "sqlparse.engine.statement_splitter.StatementSplitter._reset": [], "sqlparse.engine.statement_splitter.StatementSplitter.process": ["sqlparse.engine.statement_splitter.StatementSplitter._reset", "<builtin>.all", "sqlparse.sql.Token.__init__", "sqlparse.engine.statement_splitter.StatementSplitter._change_splitlevel"], "sqlparse.engine.statement_splitter.StatementSplitter._change_splitlevel": ["<builtin>.max"], "sqlparse.sql.Token.__init__": ["<builtin>.str", "<str>.upper"], "<builtin>.all": [], "sqlparse.engine.grouping.group": [], "sqlparse.filters.reindent.ReindentFilter._flatten_up_to_token": ["<builtin>.next"], "sqlparse.filters.reindent.ReindentFilter._get_offset": ["sqlparse.filters.reindent.ReindentFilter._flatten_up_to_token", "<builtin>.len", "<builtin>.map"], "sqlparse.filters.reindent.ReindentFilter.nl": ["sqlparse.sql.Token.__init__", "<builtin>.max"], "<str>.upper": [], "sqlparse.filters.reindent.ReindentFilter._next_token": ["sqlparse.filters.reindent.ReindentFilter._next_token"], "sqlparse.filters.reindent.ReindentFilter._split_kwds": ["sqlparse.filters.reindent.ReindentFilter._next_token", "<builtin>.str", "sqlparse.filters.reindent.ReindentFilter.nl"], "sqlparse.filters.reindent.ReindentFilter._split_statements": ["sqlparse.filters.reindent.ReindentFilter.nl"], "sqlparse.filters.reindent.ReindentFilter._process": ["<builtin>.getattr", "<builtin>.type", "<str>.lower"], "sqlparse.filters.reindent.ReindentFilter._process_where": ["sqlparse.filters.reindent.ReindentFilter.nl"], "sqlparse.filters.reindent.ReindentFilter._process_function": ["sqlparse.filters.reindent.ReindentFilter._process_default"], "sqlparse.filters.reindent.ReindentFilter._process_default": ["sqlparse.filters.reindent.ReindentFilter._split_kwds", "sqlparse.filters.reindent.ReindentFilter._process", "sqlparse.filters.reindent.ReindentFilter._split_statements"], "sqlparse.filters.reindent.ReindentFilter._process_identifierlist": ["<builtin>.len", "sqlparse.filters.reindent.ReindentFilter._get_offset", "<builtin>.next", "sqlparse.filters.reindent.ReindentFilter._process_default", "<builtin>.sum", "sqlparse.sql.Token.__init__", "<builtin>.list"], "<builtin>.sum": [], "sqlparse.filters.reindent.ReindentFilter._process_case": ["<builtin>.iter", "<builtin>.next", "sqlparse.filters.reindent.ReindentFilter._get_offset"], "sqlparse.filters.reindent.ReindentFilter._process_values": ["sqlparse.filters.reindent.ReindentFilter.nl", "sqlparse.filters.reindent.ReindentFilter._get_offset"], "sqlparse.filters.reindent.ReindentFilter.process": ["sqlparse.filters.reindent.ReindentFilter._process", "<builtin>.str", "sqlparse.sql.Token.__init__"], "sqlparse.filters.output.OutputFilter.process": ["sqlparse.filters.output.OutputFilter._process", "<builtin>.str", "<builtin>.len"], "sqlparse.filters.output.OutputFilter._process": [], "sqlparse.filters.output.OutputPythonFilter._process": ["sqlparse.sql.Token.__init__", "<builtin>.len"], "sqlparse.filters.output.OutputPHPFilter._process": ["sqlparse.sql.Token.__init__"], "sqlparse.parse": ["sqlparse.parsestream", "<builtin>.tuple"], "sqlparse.parsestream": ["sqlparse.engine.filter_stack.FilterStack.run", "sqlparse.engine.filter_stack.FilterStack.__init__", "sqlparse.engine.filter_stack.FilterStack.enable_grouping"], "sqlparse.split": ["sqlparse.engine.filter_stack.FilterStack.run", "<builtin>.str", "sqlparse.engine.filter_stack.FilterStack.__init__"], "sqlparse.sql.NameAliasMixin.get_alias": ["<builtin>.len"], "sqlparse.sql.Token.__repr__": ["<str>.startswith", "<builtin>.id", "sqlparse.sql.Token._get_repr_name", "<builtin>.locals", "<str>.endswith", "sqlparse.sql.Token._get_repr_value"], "sqlparse.sql.Token._get_repr_name": ["<builtin>.str"], "sqlparse.sql.Token._get_repr_value": ["<builtin>.str", "re.sub", "<builtin>.len"], "re.sub": ["re._compile"], "<builtin>.locals": [], "sqlparse.sql.Token.match": ["<builtin>.isinstance", "re.compile"], "sqlparse.sql.Token.within": ["<builtin>.isinstance"], "sqlparse.sql.TokenList.__init__": ["<builtin>.setattr", "<builtin>.str", "<builtin>.super"], "sqlparse.sql.TokenList.__str__": ["sqlparse.sql.TokenList.flatten"], "sqlparse.sql.TokenList.flatten": [], "sqlparse.sql.TokenList.__iter__": ["<builtin>.iter"], "sqlparse.sql.TokenList._get_repr_name": ["<builtin>.type"], "sqlparse.sql.TokenList._pprint_tree": ["<builtin>.locals", "<builtin>.len", "<builtin>.print", "<builtin>.enumerate"], "sqlparse.sql.TokenList.get_token_at_offset": ["<builtin>.len", "sqlparse.sql.TokenList.flatten"], "sqlparse.sql.TokenList._token_matching": ["<builtin>.isinstance", "<builtin>.range", "<builtin>.len"], "sqlparse.sql.TokenList.token_first": ["sqlparse.sql.TokenList._token_matching"], "sqlparse.sql.TokenList.token_next_by": ["sqlparse.sql.TokenList._token_matching"], "sqlparse.sql.TokenList.token_not_matching": ["<builtin>.isinstance", "sqlparse.sql.TokenList._token_matching"], "sqlparse.sql.TokenList.token_matching": ["sqlparse.sql.TokenList._token_matching"], "sqlparse.sql.TokenList.token_prev": ["sqlparse.sql.TokenList.token_next"], "sqlparse.sql.TokenList.token_next": ["sqlparse.sql.TokenList._token_matching"], "sqlparse.sql.TokenList.token_index": ["<builtin>.isinstance", "sqlparse.sql.TokenList.token_index"], "sqlparse.sql.TokenList.group_tokens": ["<builtin>.isinstance", "<builtin>.str"], "sqlparse.sql.TokenList.insert_before": ["<builtin>.isinstance", "sqlparse.sql.TokenList.token_index"], "sqlparse.sql.TokenList.insert_after": ["<builtin>.isinstance", "sqlparse.sql.TokenList.token_next", "sqlparse.sql.TokenList.token_index"], "sqlparse.sql.TokenList.has_alias": ["sqlparse.sql.TokenList.get_alias"], "sqlparse.sql.TokenList.get_alias": [], "sqlparse.sql.TokenList.get_name": ["sqlparse.sql.TokenList.get_real_name", "sqlparse.sql.TokenList.get_alias"], "sqlparse.sql.TokenList.get_real_name": [], "sqlparse.sql.TokenList.get_parent_name": ["sqlparse.utils.remove_quotes", "sqlparse.sql.TokenList.token_next_by", "sqlparse.sql.TokenList.token_prev"], "sqlparse.utils.remove_quotes": [], "sqlparse.sql.TokenList._get_first_name": ["<builtin>.isinstance", "<builtin>.reversed", "sqlparse.utils.remove_quotes"], "sqlparse.sql.Statement.get_type": ["sqlparse.sql.TokenList.token_next", "sqlparse.sql.TokenList.token_first", "sqlparse.sql.TokenList.token_index", "<builtin>.isinstance"], "sqlparse.sql.Identifier.is_wildcard": ["sqlparse.sql.TokenList.token_next_by"], "sqlparse.sql.Identifier.get_typecast": ["sqlparse.sql.TokenList.token_next", "sqlparse.sql.TokenList.token_next_by"], "sqlparse.sql.Identifier.get_ordering": ["sqlparse.sql.TokenList.token_next_by"], "sqlparse.sql.Identifier.get_array_indices": ["<builtin>.isinstance"], "sqlparse.sql.Function.get_parameters": ["<builtin>.isinstance", "sqlparse.utils.imt"], "sqlparse.utils.imt": ["<builtin>.isinstance", "<builtin>.any"], "sqlparse.filters.right_margin.RightMarginFilter._process": ["<builtin>.str", "<builtin>.len", "re.search", "sqlparse.filters.right_margin.RightMarginFilter._process", "<builtin>.type", "sqlparse.sql.Token.__init__"], "re.search": ["re._compile"], "sqlparse.filters.others.StripCommentsFilter._process": ["sqlparse.filters.others.StripCommentsFilter._process._get_insert_token", "sqlparse.filters.others.StripCommentsFilter._process.get_next_comment"], "sqlparse.filters.others.StripCommentsFilter._process.get_next_comment": [], "sqlparse.filters.others.StripCommentsFilter._process._get_insert_token": ["re.search", "sqlparse.sql.Token.__init__"], "sqlparse.filters.others.StripCommentsFilter.process": ["sqlparse.filters.others.StripCommentsFilter.process", "sqlparse.filters.others.StripCommentsFilter._process"], "sqlparse.filters.others.StripWhitespaceFilter._stripws": ["<builtin>.getattr", "<builtin>.type", "<str>.lower"], "sqlparse.filters.others.StripWhitespaceFilter._stripws_identifierlist": ["<builtin>.list", "sqlparse.filters.others.StripWhitespaceFilter._stripws_default"], "sqlparse.filters.others.StripWhitespaceFilter._stripws_default": [], "sqlparse.filters.others.StripWhitespaceFilter._stripws_parenthesis": ["sqlparse.filters.others.StripWhitespaceFilter._stripws_default"], "sqlparse.filters.others.StripWhitespaceFilter.process": ["sqlparse.filters.others.StripWhitespaceFilter.process", "sqlparse.filters.others.StripWhitespaceFilter._stripws"], "sqlparse.filters.others.SpacesAroundOperatorsFilter._process": ["sqlparse.sql.Token.__init__"], "sqlparse.filters.others.SpacesAroundOperatorsFilter.process": ["sqlparse.filters.others.SpacesAroundOperatorsFilter._process", "sqlparse.filters.others.SpacesAroundOperatorsFilter.process"], "sqlparse.filters.others.SerializerUnicode.process": ["sqlparse.utils.split_unquoted_newlines"], "sqlparse.utils.split_unquoted_newlines": ["<builtin>.str"], "sqlparse.filters.tokens._CaseFilter.__init__": ["<builtin>.getattr"], "sqlparse.filters.tokens.TruncateStringFilter.process": ["<builtin>.len"], "sqlparse.tokens._TokenType.__contains__": ["<builtin>.len"], "sqlparse.tokens._TokenType.__getattr__": ["<builtin>.setattr"], "sqlparse.engine.grouping._group_matching": ["<builtin>.isinstance", "sqlparse.engine.grouping._group_matching", "<builtin>.list", "<builtin>.enumerate"], "sqlparse.engine.grouping.group_brackets": ["sqlparse.engine.grouping._group_matching"], "sqlparse.engine.grouping.group_parenthesis": ["sqlparse.engine.grouping._group_matching"], "sqlparse.engine.grouping.group_case": ["sqlparse.engine.grouping._group_matching"], "sqlparse.engine.grouping.group_if": ["sqlparse.engine.grouping._group_matching"], "sqlparse.engine.grouping.group_for": ["sqlparse.engine.grouping._group_matching"], "sqlparse.engine.grouping.group_begin": ["sqlparse.engine.grouping._group_matching"], "sqlparse.engine.grouping.group_typecasts": ["sqlparse.engine.grouping._group"], "sqlparse.engine.grouping._group": ["sqlparse.engine.grouping._group", "sqlparse.engine.grouping.group_identifier_list.valid", "sqlparse.engine.grouping.group_typecasts.valid", "sqlparse.engine.grouping.group_typed_literal.match_to_extend", "sqlparse.engine.grouping.group_period.match", "sqlparse.engine.grouping.group_period.post", "sqlparse.engine.grouping.group_as.valid_next", "sqlparse.engine.grouping.group_period.valid_next", "sqlparse.engine.grouping.group_assignment.match", "sqlparse.engine.grouping.group_typed_literal.valid_prev", "sqlparse.engine.grouping.group_tzcasts.post", "sqlparse.engine.grouping.group_identifier_list.post", "<builtin>.enumerate", "sqlparse.engine.grouping.group_typed_literal.valid_final", "sqlparse.engine.grouping.group_arrays.match", "sqlparse.engine.grouping.group_as.match", "sqlparse.engine.grouping.group_tzcasts.valid_prev", "sqlparse.engine.grouping.group_comparison.match", "sqlparse.engine.grouping.group_typecasts.post", "sqlparse.engine.grouping.group_typed_literal.post", "sqlparse.engine.grouping.group_typed_literal.valid_next", "sqlparse.engine.grouping.group_assignment.post", "sqlparse.engine.grouping.group_arrays.post", "sqlparse.engine.grouping.group_comparison.post", "sqlparse.engine.grouping.group_comparison.valid", "<builtin>.isinstance", "sqlparse.engine.grouping.group_identifier_list.match", "sqlparse.engine.grouping.group_arrays.valid_next", "sqlparse.engine.grouping.<lambda2>", "<builtin>.list", "sqlparse.engine.grouping.group_as.post", "sqlparse.engine.grouping.group_arrays.valid_prev", "sqlparse.engine.grouping.group_assignment.valid", "sqlparse.engine.grouping.group_typed_literal.match", "sqlparse.engine.grouping.group_as.valid_prev", "sqlparse.engine.grouping.<lambda1>", "sqlparse.engine.grouping.group_tzcasts.valid_next", "sqlparse.engine.grouping.group_operator.match", "sqlparse.engine.grouping.group_period.valid_prev", "sqlparse.engine.grouping.group_operator.post", "sqlparse.engine.grouping.group_operator.valid", "sqlparse.engine.grouping.group_tzcasts.match", "sqlparse.engine.grouping.group_typecasts.match"], "sqlparse.engine.grouping.group_typecasts.match": [], "sqlparse.engine.grouping.<lambda1>": [], "sqlparse.engine.grouping.group_typecasts.valid": [], "sqlparse.engine.grouping.<lambda2>": [], "sqlparse.engine.grouping.group_typecasts.post": [], "sqlparse.engine.grouping.group_tzcasts": ["sqlparse.engine.grouping._group"], "sqlparse.engine.grouping.group_tzcasts.match": [], "sqlparse.engine.grouping.group_tzcasts.valid_prev": [], "sqlparse.engine.grouping.group_tzcasts.valid_next": [], "sqlparse.engine.grouping.group_tzcasts.post": [], "sqlparse.engine.grouping.group_typed_literal": ["sqlparse.engine.grouping._group"], "sqlparse.engine.grouping.group_typed_literal.match": ["sqlparse.utils.imt"], "sqlparse.engine.grouping.group_typed_literal.valid_prev": [], "sqlparse.engine.grouping.group_typed_literal.valid_next": [], "sqlparse.engine.grouping.group_typed_literal.post": [], "sqlparse.engine.grouping.group_typed_literal.match_to_extend": ["<builtin>.isinstance"], "sqlparse.engine.grouping.group_typed_literal.valid_final": [], "sqlparse.engine.grouping.group_period": ["sqlparse.engine.grouping._group"], "sqlparse.engine.grouping.group_period.match": [], "sqlparse.engine.grouping.group_period.valid_prev": ["sqlparse.utils.imt"], "sqlparse.engine.grouping.group_period.valid_next": [], "sqlparse.engine.grouping.group_period.post": ["sqlparse.utils.imt"], "sqlparse.engine.grouping.group_as": ["sqlparse.engine.grouping._group"], "sqlparse.engine.grouping.group_as.match": [], "sqlparse.engine.grouping.group_as.valid_prev": [], "sqlparse.engine.grouping.group_as.valid_next": ["sqlparse.utils.imt"], "sqlparse.engine.grouping.group_as.post": [], "sqlparse.engine.grouping.group_assignment": ["sqlparse.engine.grouping._group"], "sqlparse.engine.grouping.group_assignment.match": [], "sqlparse.engine.grouping.group_assignment.valid": [], "sqlparse.engine.grouping.group_assignment.post": [], "sqlparse.engine.grouping.group_comparison": ["sqlparse.engine.grouping._group"], "sqlparse.engine.grouping.group_comparison.match": [], "sqlparse.engine.grouping.group_comparison.valid": ["sqlparse.utils.imt"], "sqlparse.engine.grouping.group_comparison.post": [], "sqlparse.engine.grouping.group_arrays": ["sqlparse.engine.grouping._group"], "sqlparse.engine.grouping.group_arrays.match": ["<builtin>.isinstance"], "sqlparse.engine.grouping.group_arrays.valid_prev": ["sqlparse.utils.imt"], "sqlparse.engine.grouping.group_arrays.valid_next": [], "sqlparse.engine.grouping.group_arrays.post": [], "sqlparse.engine.grouping.group_operator": ["sqlparse.engine.grouping._group"], "sqlparse.engine.grouping.group_operator.match": ["sqlparse.utils.imt"], "sqlparse.engine.grouping.group_operator.valid": ["sqlparse.utils.imt"], "sqlparse.engine.grouping.group_operator.post": [], "sqlparse.engine.grouping.group_identifier_list": ["sqlparse.engine.grouping._group"], "sqlparse.engine.grouping.group_identifier_list.match": [], "sqlparse.engine.grouping.group_identifier_list.valid": ["sqlparse.utils.imt"], "sqlparse.engine.grouping.group_identifier_list.post": [], "sqlparse.engine.grouping.group_aliased": ["<builtin>.isinstance"], "sqlparse.engine.grouping.group_functions": ["<builtin>.isinstance"], "sqlparse.engine.grouping.group_order": ["sqlparse.utils.imt"], "sqlparse.engine.grouping.align_comments": ["<builtin>.isinstance"], "sqlparse.engine.grouping.group_values": ["<builtin>.isinstance"], "sqlparse.keywords.is_keyword": ["<map>.get"], "sqlparse.utils.recurse.wrap.wrapped_f": ["<builtin>.isinstance", "sqlparse.engine.grouping.group_identifier", "sqlparse.engine.grouping.group_comments", "sqlparse.engine.grouping.group_functions", "sqlparse.engine.grouping.group_aliased", "sqlparse.engine.grouping.align_comments", "sqlparse.utils.recurse.wrap.wrapped_f", "sqlparse.engine.grouping.group_where"], "sqlparse.engine.grouping.group_identifier": [], "sqlparse.engine.grouping.group_comments": [], "sqlparse.engine.grouping.group_where": [], "sqlparse.filters.aligned_indent.AlignedIndentFilter.nl": ["<builtin>.isinstance", "sqlparse.sql.Token.__init__", "<builtin>.len"], "sqlparse.filters.aligned_indent.AlignedIndentFilter._process_statement": ["sqlparse.filters.aligned_indent.AlignedIndentFilter._process", "<builtin>.len", "sqlparse.sql.TokenList.__init__"], "sqlparse.filters.aligned_indent.AlignedIndentFilter._process": ["<builtin>.getattr", "<builtin>.type", "<str>.lower"], "sqlparse.filters.aligned_indent.AlignedIndentFilter._process_parenthesis": ["sqlparse.filters.aligned_indent.AlignedIndentFilter.nl"], "sqlparse.filters.aligned_indent.AlignedIndentFilter._process_identifierlist": ["sqlparse.filters.aligned_indent.AlignedIndentFilter._process_default", "sqlparse.filters.aligned_indent.AlignedIndentFilter.nl", "<builtin>.list"], "sqlparse.filters.aligned_indent.AlignedIndentFilter._process_default": ["sqlparse.filters.aligned_indent.AlignedIndentFilter._split_kwds"], "sqlparse.filters.aligned_indent.AlignedIndentFilter._split_kwds": ["<builtin>.str", "sqlparse.filters.aligned_indent.AlignedIndentFilter.nl", "sqlparse.filters.aligned_indent.AlignedIndentFilter._next_token"], "sqlparse.filters.aligned_indent.AlignedIndentFilter._next_token": ["sqlparse.filters.aligned_indent.AlignedIndentFilter._next_token"], "sqlparse.filters.aligned_indent.AlignedIndentFilter._process_case": ["<builtin>.str", "sqlparse.filters.aligned_indent.AlignedIndentFilter.nl", "<builtin>.len", "<builtin>.enumerate", "<builtin>.map", "<builtin>.max", "sqlparse.sql.Token.__init__"], "sqlparse.filters.aligned_indent.AlignedIndentFilter.process": ["sqlparse.filters.aligned_indent.AlignedIndentFilter._process"]}