{"furl": ["furl.__version__", "furl.furl", "<builtin>.dict", "<builtin>.globals"], "furl.furl": ["furl.furl.furl", "furl.furl.PathCompositionInterface", "re", "six", "re.escape", "furl.omdict1D", "furl.common", "furl.furl.Fragment", "furl.compat", "posixpath", "furl.furl.Path", "furl.furl.FragmentCompositionInterface", "furl.furl.Query", "furl.furl.FragmentPathCompositionInterface", "furl.furl.QueryCompositionInterface", "copy", "abc", "warnings", "re.compile", "furl.furl.static_vars.decorator", "furl.furl.URLPathCompositionInterface", "furl.furl.static_vars"], "re": ["copyreg", "functools.lru_cache.decorating_function", "sre_parse", "sre_compile.compile", "<builtin>.chr", "functools.lru_cache", "<builtin>.type", "functools._lru_cache_wrapper.wrapper", "functools", "sre_compile", "copyreg.pickle", "re.Scanner", "re.RegexFlag", "enum", "<builtin>.globals"], "enum": ["enum.IntFlag", "enum.Flag", "types", "enum.Enum", "enum.auto", "<builtin>.object", "enum.EnumMeta", "enum.IntEnum", "enum._EnumDict"], "types": ["types.DynamicClassAttribute", "types._g", "<builtin>.object", "<builtin>.type", "types._c", "types._GeneratorWrapper", "types._cell_factory", "types._ag", "types._C", "<builtin>.globals"], "<builtin>.type": [], "types._cell_factory": [], "types._g": [], "types._c": [], "types._ag": [], "types._C": [], "<builtin>.object": [], "types.DynamicClassAttribute": [], "types._GeneratorWrapper": ["<builtin>.property"], "<builtin>.property": [], "<builtin>.globals": [], "enum.auto": [], "enum._EnumDict": [], "enum.EnumMeta": ["<builtin>.staticmethod", "<builtin>.property", "<builtin>.classmethod"], "<builtin>.classmethod": [], "<builtin>.staticmethod": [], "enum.Enum": ["types.DynamicClassAttribute.__init__", "<builtin>.classmethod"], "types.DynamicClassAttribute.__init__": ["<builtin>.bool", "<builtin>.getattr"], "<builtin>.getattr": [], "<builtin>.bool": [], "enum.IntEnum": [], "enum.Flag": ["<builtin>.classmethod"], "enum.IntFlag": ["<builtin>.classmethod"], "sre_compile": ["sre_constants", "<builtin>.tuple", "sre_parse"], "sre_parse": ["sre_parse.SubPattern", "sre_parse.Tokenizer", "sre_constants", "sre_parse.Verbose", "<builtin>.frozenset", "sre_parse.State"], "sre_constants": ["sre_constants._makecodes", "sre_constants._NamedIntConstant", "sre_constants.error"], "sre_constants.error": [], "sre_constants._NamedIntConstant": [], "sre_constants._makecodes": ["<str>.strip", "<builtin>.globals", "<builtin>.enumerate", "<str>.split"], "<str>.strip": [], "<str>.split": [], "<builtin>.enumerate": [], "<builtin>.frozenset": [], "sre_parse.Verbose": [], "sre_parse.State": ["<builtin>.property"], "sre_parse.SubPattern": [], "sre_parse.Tokenizer": ["<builtin>.property"], "<builtin>.tuple": [], "functools": ["functools.partial", "functools._HashedSeq", "abc", "<builtin>.object", "functools.singledispatchmethod", "collections.namedtuple", "functools.cached_property", "functools.partialmethod", "collections", "reprlib"], "abc": ["abc.abstractclassmethod", "abc.ABC", "_py_abc", "abc.abstractstaticmethod", "abc.abstractproperty"], "abc.abstractclassmethod": [], "abc.abstractstaticmethod": [], "abc.abstractproperty": [], "_py_abc": ["_py_abc.ABCMeta", "_weakrefset"], "_weakrefset": ["_weakrefset.WeakSet", "_weakrefset._IterationGuard"], "_weakrefset._IterationGuard": [], "_weakrefset.WeakSet": [], "_py_abc.ABCMeta": [], "abc.ABC": [], "collections": ["collections._OrderedDictValuesView", "collections._Link", "heapq", "collections.Counter", "collections.ChainMap", "keyword", "collections.UserList", "collections._OrderedDictKeysView", "collections.OrderedDict", "collections.UserString", "collections.UserDict", "collections._OrderedDictItemsView", "operator", "reprlib"], "operator": ["operator.itemgetter", "operator.methodcaller", "operator.attrgetter"], "operator.attrgetter": [], "operator.itemgetter": [], "operator.methodcaller": [], "keyword": ["<builtin>.frozenset"], "heapq": ["_heapq"], "_heapq": [], "reprlib": ["reprlib.Repr", "reprlib.Repr.__init__"], "reprlib.Repr": [], "reprlib.Repr.__init__": [], "collections._OrderedDictKeysView": [], "collections._OrderedDictItemsView": [], "collections._OrderedDictValuesView": [], "collections._Link": [], "collections.OrderedDict": ["reprlib.recursive_repr.decorating_function", "<builtin>.object", "reprlib.recursive_repr", "<builtin>.classmethod"], "reprlib.recursive_repr": [], "reprlib.recursive_repr.decorating_function": ["<builtin>.set", "<builtin>.getattr"], "<builtin>.set": [], "collections.Counter": ["<builtin>.classmethod"], "collections.ChainMap": ["<builtin>.property", "reprlib.recursive_repr.decorating_function", "reprlib.recursive_repr", "<builtin>.classmethod"], "collections.UserDict": ["<builtin>.classmethod"], "collections.UserList": [], "collections.UserString": [], "functools.partial": ["reprlib.recursive_repr.decorating_function", "reprlib.recursive_repr"], "functools.partialmethod": ["<builtin>.property"], "collections.namedtuple": ["<builtin>.tuple", "<builtin>.exec", "<builtin>.repr", "<builtin>.dict", "<str>.replace", "<builtin>.map", "<builtin>.TypeError", "<builtin>.type", "<builtin>.classmethod", "<builtin>.len", "<str>.join", "<builtin>.list", "<builtin>.isinstance", "<builtin>.ValueError", "<str>.split", "<builtin>.zip", "collections.<lambda1>", "<builtin>.reversed", "_collections._tuplegetter", "<builtin>.set", "<builtin>.enumerate", "<builtin>.str"], "<builtin>.isinstance": [], "<builtin>.map": [], "<builtin>.list": [], "<builtin>.str": [], "<builtin>.TypeError": [], "<builtin>.ValueError": [], "<builtin>.len": [], "<builtin>.reversed": [], "<builtin>.zip": [], "<builtin>.dict": [], "<builtin>.repr": [], "<str>.join": [], "<builtin>.exec": [], "_collections._tuplegetter": [], "collections.<lambda1>": ["<builtin>.property", "operator.itemgetter.__init__"], "operator.itemgetter.__init__": [], "functools._HashedSeq": [], "functools.singledispatchmethod": ["<builtin>.property"], "functools.cached_property": [], "re.RegexFlag": [], "<builtin>.chr": [], "sre_compile.compile": ["<builtin>.tuple", "sre_compile._code", "<map>.items", "<builtin>.print", "sre_compile.isstring", "sre_compile.dis", "sre_parse.parse"], "sre_compile.isstring": ["<builtin>.isinstance"], "sre_parse.parse": ["sre_parse.Tokenizer.error", "sre_parse.fix_flags", "sre_parse.SubPattern.dump", "sre_parse.Tokenizer.seek", "sre_parse._parse_sub", "sre_parse.State.__init__", "sre_parse.Tokenizer.__init__"], "sre_parse.Tokenizer.__init__": ["sre_parse.Tokenizer.__next", "<builtin>.str", "<builtin>.isinstance"], "sre_parse.Tokenizer.__next": ["sre_parse.Tokenizer.error", "<builtin>.len"], "sre_parse.Tokenizer.error": ["sre_parse.Tokenizer.tell", "sre_parse.Tokenizer.error"], "sre_parse.Tokenizer.tell": ["<builtin>.len"], "sre_parse.State.__init__": [], "sre_parse._parse_sub": ["sre_parse.SubPattern.append", "<builtin>.len", "sre_parse.SubPattern.__init__", "sre_parse.Tokenizer.match", "sre_parse._parse", "sre_parse.Tokenizer.tell"], "sre_parse._parse": ["warnings.warn", "sre_parse.Tokenizer.match", "sre_parse.Tokenizer.tell", "sre_parse.State.checkgroup", "sre_parse._parse_flags", "<str>.isidentifier", "sre_parse.State.closegroup", "sre_parse._escape", "<builtin>.int", "<builtin>.range", "sre_parse.Tokenizer.error", "sre_parse.Tokenizer.get", "sre_parse.Tokenizer.getuntil", "sre_parse.Tokenizer.seek", "<builtin>.AssertionError", "<builtin>.len", "sre_parse.SubPattern.__init__", "sre_parse._parse", "sre_parse.State.checklookbehindgroup", "sre_parse.State.opengroup", "<builtin>.OverflowError", "<map>.get", "sre_parse._class_escape", "sre_parse.SubPattern.append", "warnings", "sre_parse._uniq", "sre_parse._parse_sub"], "sre_parse.SubPattern.__init__": [], "sre_parse.Tokenizer.get": ["sre_parse.Tokenizer.__next"], "<builtin>.AssertionError": [], "sre_parse.SubPattern.append": [], "sre_parse.Tokenizer.match": ["sre_parse.Tokenizer.__next"], "sre_parse._parse_flags": ["sre_parse.Tokenizer.error", "sre_parse.Tokenizer.get", "<builtin>.len"], "warnings": ["warnings.catch_warnings", "warnings.simplefilter", "warnings._OptionError", "warnings.filterwarnings", "warnings._processoptions", "<builtin>.hasattr", "warnings.WarningMessage"], "warnings._OptionError": [], "warnings.WarningMessage": [], "warnings.catch_warnings": [], "warnings._processoptions": ["<builtin>.print", "warnings._setoption"], "warnings._setoption": ["warnings._getaction", "re.escape", "<builtin>.len", "warnings.filterwarnings", "re", "warnings._getcategory", "<builtin>.int"], "warnings._getaction": [], "warnings._getcategory": ["<builtin>.issubclass", "<builtin>.__import__", "<builtin>.getattr"], "<builtin>.__import__": [], "<builtin>.issubclass": [], "re.escape": ["<str>.encode", "<str>.translate", "<builtin>.str", "<builtin>.isinstance"], "<builtin>.int": [], "warnings.filterwarnings": ["re.compile", "warnings._add_filter", "<builtin>.isinstance", "re", "<builtin>.issubclass"], "re.compile": ["re._compile"], "re._compile": [], "warnings._add_filter": ["warnings._filters_mutated"], "warnings._filters_mutated": [], "<builtin>.print": [], "<builtin>.hasattr": [], "warnings.simplefilter": ["warnings._add_filter", "<builtin>.isinstance"], "warnings.warn": ["<builtin>.TypeError", "warnings._next_external_frame", "<str>.format", "<builtin>.type", "<builtin>.isinstance", "warnings.warn_explicit", "warnings._is_internal_frame", "<builtin>.issubclass", "<builtin>.range"], "<str>.format": [], "warnings._is_internal_frame": [], "<builtin>.range": [], "warnings._next_external_frame": ["warnings._is_internal_frame"], "warnings.warn_explicit": ["linecache.getlines", "<map>.get", "warnings._showwarnmsg", "linecache", "<builtin>.RuntimeError", "<builtin>.isinstance", "<map>.clear", "warnings.WarningMessage.__init__", "<builtin>.issubclass", "<builtin>.int", "<builtin>.str"], "<map>.get": [], "<map>.clear": [], "linecache": ["os", "functools", "tokenize"], "os": ["os._get_exports_list", "os._wrap_close", "os._Environ.__init__", "os._fscodec", "os.PathLike", "abc", "stat", "<builtin>.ImportError", "os._Environ", "<builtin>.globals", "os._AddedDllDirectory", "<builtin>.set", "os._add", "ntpath", "os._createenviron", "posixpath", "os._exists"], "stat": [], "<builtin>.ImportError": [], "ntpath": ["genericpath", "<builtin>.hasattr", "os", "stat"], "genericpath": ["os", "stat"], "os._get_exports_list": ["<builtin>.list", "<builtin>.dir"], "<builtin>.dir": [], "posixpath": ["genericpath", "os", "stat"], "os._exists": ["<builtin>.globals"], "os._add": [], "os._Environ": [], "os._createenviron": ["os._createenviron.encodekey", "os._Environ.__init__"], "os._createenviron.encodekey": ["os._createenviron.encode"], "os._createenviron.encode": ["<builtin>.TypeError", "<builtin>.type", "<builtin>.isinstance"], "os._Environ.__init__": [], "os._fscodec": [], "os._wrap_close": [], "os.PathLike": ["abc.abstractmethod", "<builtin>.classmethod"], "abc.abstractmethod": [], "os._AddedDllDirectory": [], "tokenize": ["tokenize.maybe", "codecs", "<builtin>.map", "re.compile", "<builtin>.any", "tokenize._all_string_prefixes", "<builtin>.sorted", "tokenize.group", "tokenize.Untokenizer", "collections.namedtuple", "re", "<builtin>.set", "tokenize.TokenError", "tokenize.TokenInfo", "token", "tokenize.StopTokenizing", "collections", "io"], "codecs": ["codecs.StreamRecoder", "codecs.IncrementalDecoder", "<builtin>.SystemError", "codecs.CodecInfo", "encodings", "codecs.Codec", "codecs.BufferedIncrementalDecoder", "codecs.StreamReaderWriter", "codecs.IncrementalEncoder", "codecs.StreamWriter", "codecs.BufferedIncrementalEncoder", "codecs.StreamReader"], "<builtin>.SystemError": [], "codecs.CodecInfo": [], "codecs.Codec": [], "codecs.IncrementalEncoder": [], "codecs.BufferedIncrementalEncoder": [], "codecs.IncrementalDecoder": [], "codecs.BufferedIncrementalDecoder": [], "codecs.StreamWriter": [], "codecs.StreamReader": [], "codecs.StreamReaderWriter": [], "codecs.StreamRecoder": [], "encodings": ["encodings.CodecRegistryError", "codecs"], "encodings.CodecRegistryError": [], "io": ["abc", "io.RawIOBase", "io.IOBase", "io.BufferedIOBase", "io.TextIOBase"], "io.IOBase": [], "io.RawIOBase": [], "io.BufferedIOBase": [], "io.TextIOBase": [], "token": ["<builtin>.isinstance", "<builtin>.globals"], "<str>.replace": [], "tokenize.TokenInfo": ["<builtin>.property"], "<builtin>.any": [], "tokenize.maybe": ["tokenize.group"], "tokenize.group": [], "tokenize._all_string_prefixes": [], "<builtin>.sorted": [], "tokenize.TokenError": [], "tokenize.StopTokenizing": [], "tokenize.Untokenizer": [], "linecache.getlines": ["linecache.clearcache", "linecache.updatecache", "<builtin>.len"], "linecache.updatecache": ["linecache.lazycache", "<map>.pop", "<builtin>.len", "<str>.startswith", "<str>.endswith", "ntpath.isabs", "ntpath.join", "posixpath.isabs", "tokenize.open", "posixpath.join"], "<map>.pop": [], "<str>.startswith": [], "<str>.endswith": [], "linecache.lazycache": ["<str>.startswith", "<builtin>.getattr", "<str>.endswith", "<builtin>.len"], "posixpath.isabs": ["os._fspath", "<str>.startswith", "posixpath._get_sep"], "os._fspath": ["<builtin>.TypeError", "<builtin>.hasattr", "<builtin>.type", "<builtin>.isinstance"], "posixpath._get_sep": ["<builtin>.isinstance"], "ntpath.isabs": ["os._fspath", "<builtin>.len", "<str>.startswith", "<builtin>.isinstance", "ntpath._get_bothseps", "ntpath.splitdrive", "<str>.replace"], "ntpath.splitdrive": ["os._fspath", "<builtin>.len", "<builtin>.isinstance", "<str>.find", "<str>.replace"], "<str>.find": [], "ntpath._get_bothseps": ["<builtin>.isinstance"], "posixpath.join": ["os._fspath", "<builtin>.map", "genericpath._check_arg_types", "<str>.endswith", "posixpath._get_sep"], "genericpath._check_arg_types": ["<builtin>.TypeError", "<builtin>.isinstance"], "ntpath.join": ["os._fspath", "<builtin>.map", "genericpath._check_arg_types", "<builtin>.isinstance", "ntpath.splitdrive"], "tokenize.open": ["builtins.open", "tokenize.detect_encoding", "_io.TextIOWrapper"], "builtins.open": [], "tokenize.detect_encoding": ["tokenize.detect_encoding.read_or_stop", "tokenize.detect_encoding.find_cookie"], "tokenize.detect_encoding.read_or_stop": [], "tokenize.detect_encoding.find_cookie": ["tokenize._get_normal_name", "<builtin>.SyntaxError"], "<builtin>.SyntaxError": [], "tokenize._get_normal_name": [], "_io.TextIOWrapper": [], "linecache.clearcache": [], "<builtin>.RuntimeError": [], "warnings.WarningMessage.__init__": [], "warnings._showwarnmsg": ["warnings._showwarnmsg_impl"], "warnings._showwarnmsg_impl": ["warnings._formatwarnmsg"], "warnings._formatwarnmsg": ["warnings._formatwarnmsg_impl"], "warnings._formatwarnmsg_impl": ["<str>.strip", "linecache.getline", "tracemalloc", "linecache"], "linecache.getline": ["linecache.getlines", "<builtin>.len"], "tracemalloc": ["fnmatch", "tracemalloc.Snapshot", "tracemalloc.StatisticDiff", "linecache", "tracemalloc.BaseFilter", "tracemalloc.Frame", "tracemalloc.Traceback", "tracemalloc._Traces", "collections.abc", "functools", "tracemalloc.Statistic", "posixpath", "tracemalloc.Trace", "tracemalloc.Filter", "pickle", "tracemalloc.DomainFilter"], "collections.abc": ["collections.abc"], "fnmatch": ["os", "functools.lru_cache.decorating_function", "functools.lru_cache", "functools._lru_cache_wrapper.wrapper", "re", "functools", "posixpath"], "functools.lru_cache": ["functools._lru_cache_wrapper", "functools.update_wrapper", "<builtin>.TypeError", "<builtin>.isinstance", "<builtin>.callable"], "<builtin>.callable": [], "functools._lru_cache_wrapper": ["<builtin>.object", "_thread.RLock"], "_thread.RLock": [], "functools.update_wrapper": ["<builtin>.getattr"], "functools.lru_cache.decorating_function": ["functools._lru_cache_wrapper", "functools.update_wrapper"], "functools._lru_cache_wrapper.wrapper": ["fnmatch._compile_pattern", "functools._make_key"], "functools._make_key": ["<builtin>.tuple", "functools._HashedSeq.__init__", "<builtin>.type", "<builtin>.len"], "functools._HashedSeq.__init__": ["<builtin>.hash"], "<builtin>.hash": [], "fnmatch._compile_pattern": ["re.compile", "<builtin>.bytes", "<builtin>.isinstance", "<builtin>.str", "fnmatch.translate"], "fnmatch.translate": [], "<builtin>.bytes": [], "pickle": ["copyreg", "re.match", "types", "pickle._Stop", "re", "functools", "pickle._Unpickler", "pickle.UnpicklingError", "io", "codecs", "_pickle", "_compat_pickle", "pickle.PicklingError", "pickle._Pickler", "pickle.PickleError", "pickle._Framer", "pickle._Unframer", "<builtin>.dir", "struct"], "copyreg": [], "struct": ["_struct"], "_struct": [], "_compat_pickle": ["<map>.update", "<map>.items", "<builtin>.dict", "<builtin>.len"], "<map>.items": [], "<map>.update": [], "_pickle": [], "pickle.PickleError": [], "pickle.PicklingError": [], "pickle.UnpicklingError": [], "pickle._Stop": [], "re.match": ["re._compile"], "pickle._Framer": [], "pickle._Unframer": [], "pickle._Pickler": ["<builtin>.type"], "pickle._Unpickler": [], "tracemalloc.Statistic": [], "tracemalloc.StatisticDiff": [], "tracemalloc.Frame": ["<builtin>.property"], "tracemalloc.Traceback": [], "tracemalloc.Trace": ["<builtin>.property"], "tracemalloc._Traces": [], "tracemalloc.BaseFilter": [], "tracemalloc.Filter": ["<builtin>.property"], "tracemalloc.DomainFilter": ["<builtin>.property"], "tracemalloc.Snapshot": ["<builtin>.staticmethod"], "sre_parse.Tokenizer.getuntil": ["sre_parse.Tokenizer.error", "sre_parse.Tokenizer.__next", "<builtin>.len"], "<str>.isidentifier": [], "sre_parse.State.checklookbehindgroup": ["sre_parse.Tokenizer.error", "sre_parse.State.checkgroup"], "sre_parse.State.checkgroup": [], "sre_parse.State.opengroup": ["<map>.get", "sre_constants.error.__init__"], "sre_constants.error.__init__": ["<builtin>.super", "<builtin>.isinstance"], "<builtin>.super": [], "sre_parse.State.closegroup": [], "sre_parse.Tokenizer.seek": ["sre_parse.Tokenizer.__next"], "<builtin>.OverflowError": [], "sre_parse._class_escape": ["<map>.get", "sre_parse.Tokenizer.error", "<builtin>.len", "sre_parse.Tokenizer.match", "<builtin>.ord", "<builtin>.chr", "sre_parse.Tokenizer.getuntil", "sre_parse.Tokenizer.getwhile", "unicodedata", "<builtin>.int"], "sre_parse.Tokenizer.getwhile": ["sre_parse.Tokenizer.__next", "<builtin>.range"], "unicodedata": [], "<builtin>.ord": [], "sre_parse._uniq": ["<builtin>.list"], "sre_parse._escape": ["<map>.get", "sre_parse.Tokenizer.error", "<builtin>.len", "sre_parse.Tokenizer.match", "sre_parse.Tokenizer.get", "<builtin>.ord", "sre_parse.State.checkgroup", "sre_parse.State.checklookbehindgroup", "<builtin>.chr", "sre_parse.Tokenizer.getuntil", "sre_parse.Tokenizer.getwhile", "unicodedata", "<builtin>.int"], "sre_parse.fix_flags": ["<builtin>.ValueError", "<builtin>.isinstance"], "sre_parse.SubPattern.dump": ["<builtin>.print", "<builtin>.enumerate", "<builtin>.str", "<builtin>.isinstance"], "sre_compile._code": ["sre_compile._compile", "sre_compile._compile_info"], "sre_compile._compile_info": ["sre_compile._optimize_charset", "sre_compile._generate_overlap_table", "<builtin>.min", "<builtin>.len", "sre_parse.SubPattern.getwidth", "sre_compile._get_charset_prefix", "sre_compile._get_literal_prefix", "sre_compile._compile_charset"], "sre_parse.SubPattern.getwidth": ["<builtin>.max", "<builtin>.min"], "<builtin>.min": [], "<builtin>.max": [], "sre_compile._get_literal_prefix": ["sre_compile._get_iscased", "sre_compile._combine_flags", "sre_compile._get_literal_prefix", "<builtin>.len"], "sre_compile._get_iscased": [], "sre_compile._combine_flags": [], "sre_compile._get_charset_prefix": ["<builtin>.map", "<builtin>.any", "sre_compile._get_iscased", "sre_compile._combine_flags", "<builtin>.range"], "sre_compile._optimize_charset": ["<builtin>.map", "<builtin>.any", "<builtin>.len", "sre_compile._bytes_to_codes", "<builtin>.bytes", "<builtin>.bytearray", "sre_compile._mk_bitmap", "<builtin>.range"], "<builtin>.bytearray": [], "sre_compile._mk_bitmap": ["<builtin>.range", "<builtin>.len"], "sre_compile._bytes_to_codes": ["<builtin>.len", "<builtin>.memoryview"], "<builtin>.memoryview": [], "sre_compile._compile_charset": ["sre_constants.error.__init__"], "sre_compile._generate_overlap_table": ["<builtin>.range", "<builtin>.len"], "sre_compile._compile": ["sre_compile._optimize_charset", "sre_constants.error.__init__", "sre_compile._simple", "sre_compile._compile", "sre_compile._combine_flags", "sre_compile._compile_charset"], "sre_compile._simple": ["sre_compile._simple", "<builtin>.len"], "sre_compile.dis": ["sre_compile.dis.dis_", "<builtin>.set", "<builtin>.str", "<builtin>.len"], "sre_compile.dis.dis_": ["sre_compile._hex_code", "<builtin>.map", "sre_compile.dis.dis_.print_2", "sre_compile.dis.dis_.print_", "<builtin>.list", "<builtin>.chr", "<builtin>.ValueError", "sre_compile.dis.dis_", "<builtin>.bin", "<builtin>.str", "<builtin>.range"], "<builtin>.bin": [], "sre_compile.dis.dis_.print_": ["<builtin>.print"], "sre_compile.dis.dis_.print_2": ["<builtin>.print"], "sre_compile._hex_code": [], "copyreg.pickle": ["<builtin>.TypeError", "<builtin>.callable", "copyreg.constructor"], "copyreg.constructor": ["<builtin>.TypeError", "<builtin>.callable"], "re.Scanner": [], "copy": ["copyreg", "types", "copy.Error", "weakref", "<builtin>.type", "<builtin>.getattr"], "weakref": ["_weakrefset", "weakref.WeakValueDictionary", "weakref.WeakKeyDictionary", "weakref.WeakMethod", "weakref.KeyedRef", "weakref.finalize", "collections.abc"], "weakref.WeakMethod": [], "weakref.WeakValueDictionary": [], "weakref.KeyedRef": [], "weakref.WeakKeyDictionary": [], "weakref.finalize": ["<builtin>.classmethod", "<builtin>.property", "weakref.finalize._Info"], "weakref.finalize._Info": [], "copy.Error": [], "six": ["types", "six.MovedAttribute.__init__", "six.Module_six_moves_urllib_request", "six.Module_six_moves_urllib_error", "functools", "six._add_doc", "<builtin>.getattr", "six.X", "<builtin>.int", "<builtin>.setattr", "io", "six._LazyDescr", "six.Module_six_moves_urllib_parse", "six.Module_six_moves_urllib_robotparser", "six.MovedModule", "six.MovedModule.__init__", "six._SixMetaPathImporter._add_module", "importlib.util", "six.Module_six_moves_urllib", "operator.methodcaller.__init__", "<builtin>.type", "six._LazyModule", "operator", "__future__", "<builtin>.globals", "<builtin>.len", "six._SixMetaPathImporter.__init__", "<builtin>.isinstance", "six.exec_", "operator.itemgetter.__init__", "six._MovedItems", "struct", "six._SixMetaPathImporter", "six.MovedAttribute", "six.Iterator", "<builtin>.enumerate", "operator.attrgetter.__init__", "six.Module_six_moves_urllib_response"], "__future__": ["__future__._Feature", "__future__._Feature.__init__"], "__future__._Feature": [], "__future__._Feature.__init__": [], "six.X": [], "importlib.util": ["importlib.util.LazyLoader", "warnings", "types", "contextlib", "importlib.util._LazyModule", "functools", "contextlib.contextmanager"], "contextlib": ["contextlib.redirect_stderr", "types", "contextlib._BaseExitStack", "contextlib.redirect_stdout", "contextlib.AbstractContextManager", "functools", "contextlib.AsyncExitStack", "contextlib.nullcontext", "contextlib._RedirectStream", "contextlib.suppress", "contextlib.AbstractAsyncContextManager", "contextlib.ContextDecorator", "contextlib._GeneratorContextManagerBase", "collections.abc", "contextlib._GeneratorContextManager", "collections", "abc", "contextlib._AsyncGeneratorContextManager", "contextlib.ExitStack", "contextlib.closing"], "contextlib.AbstractContextManager": ["abc.abstractmethod", "<builtin>.classmethod"], "contextlib.AbstractAsyncContextManager": ["abc.abstractmethod", "<builtin>.classmethod"], "contextlib.ContextDecorator": [], "contextlib._GeneratorContextManagerBase": [], "contextlib._GeneratorContextManager": [], "contextlib._AsyncGeneratorContextManager": [], "contextlib.closing": [], "contextlib._RedirectStream": [], "contextlib.redirect_stdout": [], "contextlib.redirect_stderr": [], "contextlib.suppress": [], "contextlib._BaseExitStack": ["<builtin>.staticmethod"], "contextlib.ExitStack": [], "contextlib.AsyncExitStack": ["<builtin>.staticmethod"], "contextlib.nullcontext": [], "contextlib.contextmanager": ["functools.wraps"], "functools.wraps": [], "importlib.util._LazyModule": [], "importlib.util.LazyLoader": ["<builtin>.staticmethod", "<builtin>.classmethod"], "six._LazyDescr": [], "six.MovedModule": [], "six._LazyModule": [], "six.MovedAttribute": [], "six._SixMetaPathImporter": [], "six._SixMetaPathImporter.__init__": [], "six._MovedItems": [], "six.MovedAttribute.__init__": ["<builtin>.super"], "six.MovedModule.__init__": ["<builtin>.super"], "<builtin>.setattr": [], "six._SixMetaPathImporter._add_module": [], "six.Module_six_moves_urllib_parse": [], "six.Module_six_moves_urllib_error": [], "six.Module_six_moves_urllib_request": [], "six.Module_six_moves_urllib_response": [], "six.Module_six_moves_urllib_robotparser": [], "six.Module_six_moves_urllib": ["six._SixMetaPathImporter._get_module"], "six._SixMetaPathImporter._get_module": [], "six.Iterator": [], "six._add_doc": [], "operator.attrgetter.__init__": ["<builtin>.tuple", "<builtin>.map", "<builtin>.TypeError", "<builtin>.isinstance", "<str>.split"], "operator.methodcaller.__init__": ["<builtin>.TypeError", "<builtin>.isinstance"], "six.exec_": ["<builtin>.exec"], "furl.omdict1D": ["orderedmultidict", "furl.common", "furl.omdict1D.omdict1D"], "orderedmultidict": ["<builtin>.exec", "<map>.items", "posixpath.dirname", "<builtin>.dict", "posixpath", "<builtin>.open", "posixpath.join", "orderedmultidict.orderedmultidict", "<builtin>.globals"], "orderedmultidict.orderedmultidict": ["orderedmultidict.orderedmultidict.omdict", "<builtin>.object", "collections.abc", "six", "orderedmultidict.itemlist", "collections", "__future__"], "orderedmultidict.itemlist": ["orderedmultidict.itemlist.itemlist", "<builtin>.object", "__future__", "orderedmultidict.itemlist.itemnode"], "orderedmultidict.itemlist.itemnode": [], "orderedmultidict.itemlist.itemlist": [], "orderedmultidict.orderedmultidict.omdict": ["<builtin>.classmethod"], "posixpath.dirname": ["os._fspath", "posixpath._get_sep", "<str>.rfind", "<builtin>.len"], "<str>.rfind": [], "<builtin>.open": [], "furl.common": ["furl.compat", "<builtin>.object"], "furl.compat": ["furl.compat.UnicodeMixin", "<builtin>.list", "collections"], "furl.compat.UnicodeMixin": [], "furl.omdict1D.omdict1D": [], "<str>.translate": [], "<str>.encode": [], "furl.furl.static_vars": [], "furl.furl.static_vars.decorator": ["six.iteritems", "<builtin>.setattr"], "six.iteritems": [], "furl.furl.Path": ["<builtin>.property"], "furl.furl.PathCompositionInterface": ["abc.abstractmethod", "<builtin>.property"], "furl.furl.URLPathCompositionInterface": [], "furl.furl.FragmentPathCompositionInterface": [], "furl.furl.Query": ["<builtin>.property"], "furl.furl.QueryCompositionInterface": ["<builtin>.property"], "furl.furl.Fragment": [], "furl.furl.FragmentCompositionInterface": ["<builtin>.property"], "furl.furl.furl": ["<builtin>.property"], "furl.__version__": [], "furl.omdict1D.omdict1D.add": ["furl.common.is_iterable_but_not_string", "<builtin>.list"], "furl.common.is_iterable_but_not_string": ["furl.common.callable_attr", "<builtin>.isinstance"], "furl.common.callable_attr": ["<builtin>.callable", "<builtin>.hasattr", "<builtin>.getattr"], "furl.omdict1D.omdict1D.set": ["furl.omdict1D.omdict1D._set"], "furl.omdict1D.omdict1D._set": ["furl.common.is_iterable_but_not_string", "orderedmultidict.orderedmultidict.omdict.setlist"], "orderedmultidict.orderedmultidict.omdict.setlist": ["orderedmultidict.orderedmultidict.omdict.pop", "six.moves.zip_longest", "furl.omdict1D.omdict1D.add", "<builtin>.list", "orderedmultidict.orderedmultidict.omdict.add"], "six.moves.zip_longest": [], "orderedmultidict.orderedmultidict.omdict.add": [], "orderedmultidict.orderedmultidict.omdict.pop": ["<builtin>.KeyError", "orderedmultidict.orderedmultidict.omdict.poplist"], "orderedmultidict.orderedmultidict.omdict.poplist": ["<builtin>.KeyError", "orderedmultidict.orderedmultidict.omdict.getlist"], "orderedmultidict.orderedmultidict.omdict.getlist": [], "<builtin>.KeyError": [], "furl.omdict1D.omdict1D.__setitem__": ["furl.omdict1D.omdict1D._set"], "furl.omdict1D.omdict1D._bin_update_items": ["orderedmultidict.orderedmultidict.omdict.values", "furl.common.is_iterable_but_not_string", "<builtin>.len"], "orderedmultidict.orderedmultidict.omdict.values": ["<builtin>.list", "orderedmultidict.orderedmultidict.omdict.getlist", "orderedmultidict.orderedmultidict.omdict.itervalues"], "orderedmultidict.orderedmultidict.omdict.itervalues": ["six.itervalues", "<builtin>.KeyError", "<builtin>.iter"], "<builtin>.iter": [], "six.itervalues": [], "furl.furl.<lambda1>": ["<builtin>.len"], "furl.furl.attemptstr": ["<builtin>.str"], "furl.furl.non_string_iterable": ["furl.common.callable_attr", "<builtin>.isinstance"], "furl.furl.idna_encode": ["<builtin>.str", "furl.common.callable_attr"], "furl.furl.idna_decode": ["furl.common.callable_attr", "furl.furl.utf8"], "furl.furl.utf8": [], "furl.furl.is_valid_port": ["<builtin>.int", "<builtin>.str"], "furl.furl.get_scheme": ["<str>.startswith", "furl.furl.is_valid_scheme", "<builtin>.max", "<str>.split"], "furl.furl.is_valid_scheme": [], "furl.furl.strip_scheme": ["<str>.startswith", "furl.furl.get_scheme", "<builtin>.len"], "furl.furl.set_scheme": ["furl.furl.strip_scheme"], "furl.furl.has_netloc": ["<str>.startswith", "furl.furl.get_scheme"], "furl.furl.urlsplit": ["furl.furl.strip_scheme", "furl.furl.get_scheme", "furl.furl.set_scheme", "<str>.startswith"], "furl.furl.urljoin": ["furl.furl.get_scheme", "furl.furl.set_scheme", "furl.furl.has_netloc"], "furl.furl.join_path_segments": ["<builtin>.len"], "furl.furl.remove_path_segments": ["<builtin>.list", "<builtin>.len"], "furl.furl.quacks_like_a_path_with_segments": ["furl.common.is_iterable_but_not_string", "<builtin>.hasattr"], "furl.furl.Path.__init__": ["furl.furl.Path.load"], "furl.furl.Path.load": ["furl.furl.Path._segments_from_path", "<builtin>.len", "furl.furl.Path.<lambda1>", "furl.common.is_iterable_but_not_string", "furl.furl.quacks_like_a_path_with_segments"], "furl.furl.Path._segments_from_path": ["warnings.warn", "six.moves.urllib.parse.quote", "furl.furl.utf8", "six.moves.urllib.parse.unquote", "<builtin>.isinstance", "<str>.split", "furl.furl.is_valid_encoded_path_segment", "furl.furl.Path._path_from_segments"], "furl.furl.is_valid_encoded_path_segment": [], "six.moves.urllib.parse.quote": [], "furl.furl.Path._path_from_segments": ["furl.furl.attemptstr", "six.moves.urllib.parse.quote", "furl.furl.utf8"], "six.moves.urllib.parse.unquote": [], "furl.furl.Path.<lambda1>": [], "furl.furl.Path.add": ["furl.furl.Path._segments_from_path", "furl.furl.Path.load", "furl.furl.join_path_segments", "furl.common.is_iterable_but_not_string", "furl.furl.quacks_like_a_path_with_segments"], "furl.furl.Path.set": ["furl.furl.Path.load"], "furl.furl.Path.remove": ["furl.furl.remove_path_segments", "furl.common.is_iterable_but_not_string", "furl.furl.Path._segments_from_path", "furl.furl.Path.load"], "furl.furl.Path.normalize": ["furl.furl.Path.load", "<str>.startswith", "<str>.lstrip", "posixpath.normpath", "<builtin>.str"], "posixpath.normpath": ["os._fspath", "<str>.startswith", "<builtin>.isinstance", "<str>.split"], "<str>.lstrip": [], "furl.furl.Path.asdict": ["<builtin>.str"], "furl.furl.Path.isabsolute": ["furl.furl.Path.<lambda1>"], "furl.furl.Path.__truediv__": ["copy.deepcopy", "furl.furl.Path.add"], "copy.deepcopy": ["<map>.get", "copy._reconstruct", "<map>", "<builtin>.type", "<builtin>.isinstance", "copy._deepcopy_atomic", "copy._keep_alive", "<builtin>.getattr", "<builtin>.issubclass", "<builtin>.id"], "<builtin>.id": [], "copy._reconstruct": ["<builtin>.len", "<builtin>.isinstance", "<builtin>.hasattr", "copy.deepcopy", "<builtin>.setattr", "<builtin>.id"], "<map>": [], "copy._deepcopy_atomic": [], "copy._keep_alive": ["<builtin>.id"], "furl.furl.Path.__eq__": ["<builtin>.str"], "furl.furl.Path.__bool__": ["<builtin>.len"], "furl.furl.Path.__str__": ["furl.furl.Path._path_from_segments", "<builtin>.list"], "furl.furl.Path.__repr__": ["<builtin>.str"], "furl.furl.PathCompositionInterface.__init__": ["furl.furl.Path.__init__"], "furl.furl.PathCompositionInterface.pathstr": ["warnings.warn", "<builtin>.str"], "furl.furl.PathCompositionInterface.__setattr__": ["furl.furl.Path.load"], "furl.furl.URLPathCompositionInterface.__init__": ["furl.furl.PathCompositionInterface.__init__"], "furl.furl.URLPathCompositionInterface._force_absolute": ["<builtin>.bool"], "furl.furl.FragmentPathCompositionInterface.__init__": ["furl.furl.PathCompositionInterface.__init__"], "furl.furl.Query.__init__": ["furl.furl.Query.load"], "furl.furl.Query.load": ["furl.furl.Query._items"], "furl.furl.Query._items": ["<builtin>.list", "furl.furl.Query._extract_items_from_querystr", "furl.common.callable_attr", "<builtin>.isinstance"], "furl.furl.Query._extract_items_from_querystr": ["warnings.warn", "six.moves.urllib.parse.unquote", "furl.furl.lget", "furl.furl.is_valid_encoded_query_value", "<str>.split", "furl.furl.is_valid_encoded_query_key"], "furl.furl.lget": [], "furl.furl.is_valid_encoded_query_key": [], "furl.furl.is_valid_encoded_query_value": [], "furl.furl.Query.add": ["furl.furl.Query._items"], "furl.furl.Query.remove": ["furl.furl.Query.load", "furl.common.callable_attr", "<builtin>.len", "furl.furl.non_string_iterable", "furl.furl.Query._items"], "furl.furl.Query.encode": ["furl.furl.create_quote_fn", "furl.furl.attemptstr", "furl.furl.create_quote_fn.quote_fn", "furl.furl.utf8"], "furl.furl.create_quote_fn": [], "furl.furl.create_quote_fn.quote_fn": ["<builtin>.set", "six.moves.urllib.parse.quote"], "furl.furl.Query.asdict": ["<builtin>.str"], "furl.furl.Query.__eq__": ["<builtin>.str"], "furl.furl.Query.__bool__": ["<builtin>.len"], "furl.furl.Query.__str__": ["furl.furl.Query.encode"], "furl.furl.Query.__repr__": ["<builtin>.str"], "furl.furl.QueryCompositionInterface.__init__": ["furl.furl.Query.__init__"], "furl.furl.QueryCompositionInterface.querystr": ["warnings.warn", "<builtin>.str"], "furl.furl.QueryCompositionInterface.__setattr__": ["furl.furl.Query.load"], "furl.furl.Fragment.__init__": ["furl.furl.FragmentPathCompositionInterface.__init__", "furl.furl.QueryCompositionInterface.__init__", "furl.furl.Fragment.load"], "furl.furl.Fragment.load": ["furl.furl.Query.load", "furl.furl.Path.load", "<builtin>.len", "<str>.split"], "furl.furl.Fragment.remove": ["furl.furl.Fragment.load"], "furl.furl.Fragment.asdict": ["<builtin>.str"], "furl.furl.Fragment.__eq__": ["<builtin>.str"], "furl.furl.Fragment.__setattr__": ["furl.furl.PathCompositionInterface.__setattr__", "furl.furl.QueryCompositionInterface.__setattr__"], "furl.furl.Fragment.__bool__": ["<builtin>.bool"], "furl.furl.Fragment.__str__": ["<builtin>.str"], "furl.furl.Fragment.__repr__": ["<builtin>.str"], "furl.furl.FragmentCompositionInterface.__init__": ["furl.furl.Fragment.__init__"], "furl.furl.FragmentCompositionInterface.fragmentstr": ["warnings.warn", "<builtin>.str"], "furl.furl.furl.__init__": ["furl.furl.QueryCompositionInterface.__init__", "furl.furl.furl.load", "furl.furl.FragmentCompositionInterface.__init__", "furl.furl.URLPathCompositionInterface.__init__", "furl.furl.furl.set"], "furl.furl.furl.load": ["furl.furl.urlsplit", "<map>.get", "<builtin>.str", "<builtin>.isinstance"], "furl.furl.furl.set": ["warnings.warn", "furl.furl.furl.load", "<builtin>.any", "furl.furl.furl.set.present", "<builtin>.sum"], "furl.furl.furl.set.present": [], "<builtin>.sum": [], "furl.furl.furl.port": ["<map>.get"], "furl.furl.furl.netloc": ["<map>.get", "six.moves.urllib.parse.quote", "furl.furl.utf8", "furl.furl.idna_encode", "<builtin>.str"], "furl.furl.furl.origin": ["<map>.get", "furl.furl.idna_encode"], "furl.furl.furl.url": ["furl.furl.furl.tostr"], "furl.furl.furl.tostr": ["furl.furl.strip_scheme", "<builtin>.str"], "furl.furl.furl.add": ["warnings.warn"], "furl.furl.furl.join": ["furl.furl.furl.load", "furl.furl.urljoin", "<builtin>.str", "<builtin>.isinstance"], "furl.furl.furl.asdict": ["furl.furl.idna_encode"], "furl.furl.furl.__truediv__": ["furl.furl.furl.copy"], "furl.furl.furl.copy": [], "furl.furl.furl.__setattr__": ["furl.furl.PathCompositionInterface.__setattr__", "furl.furl.QueryCompositionInterface.__setattr__", "furl.furl.FragmentCompositionInterface.__setattr__"], "furl.furl.FragmentCompositionInterface.__setattr__": [], "furl.furl.furl.__unicode__": ["furl.furl.furl.tostr"], "furl.furl.furl.__repr__": ["<builtin>.str"]}